Name,Integrality_Gap,Stop_Condition,Iterations,Time(msec),Check_Feasibility,Objvalue
Simple,0.0042310045147990515,1.0,51.0,4028.0,0.0,0.0
Reinforcement,0.0020346585271441633,1.0,101.0,4055.0,0.0,0.0
Simple,0.0010962106802749837,1.0,51.0,970.0,0.0,1005.6648165120565
Reinforcement,3.463252217007523E-4,1.0,101.0,1996.0,0.0,6212.009050888922
Aggressive,6.293804888062827E-4,1.0,2001.0,2741947.0,0.0,3699.328934460125
BenchMark2,0.0,0.0,0.0,641.0,0.0,1690.0
BenchMark3,0.0,0.0,0.0,857.0,0.0,1377.0
BenchMark4,0.0,0.0,0.0,839.0,0.0,1236.0
Simple,4.4525132933861283E-4,1.0,51.0,29091.0,0.0,55535.436388224254
Reinforcement,0.0,0.0,7.0,2155.0,0.0,59615.0
Aggressive,0.0,0.0,33.0,8525.0,0.0,59878.0
BenchMark2,1.9150082004074403E-18,0.0,0.0,6145.0,0.0,56136.99999999999
BenchMark3,1.9150082004074403E-18,0.0,0.0,9233.0,0.0,56136.99999999999
BenchMark4,1.9150082004074403E-18,0.0,0.0,9176.0,0.0,56136.99999999999
Simple,0.006753671873973132,1.0,51.0,13252.0,0.0,2.0
Reinforcement,0.006376579965391847,1.0,101.0,70145.0,0.0,3.0
Simple,3.954840719558242E-4,1.0,51.0,28042.0,0.0,-124657.64141322489
Simple,0.0042310045147990515,1.0,51.0,4471.0,0.0,0.0
Reinforcement,0.0020346585271441633,1.0,101.0,4264.0,0.0,0.0
Simple,0.0010962106802749837,1.0,51.0,1248.0,0.0,1005.6648165120565
Simple,0.016375727199581188,1.0,51.0,2631.0,0.0,360.5933075169579
Reinforcement,0.0,0.0,3.0,599.0,0.0,553.0
Aggressive,0.0,0.0,2.0,624.0,0.0,1733502.0
BenchMark2,0.0,0.0,0.0,165.0,0.0,745.0
BenchMark3,0.0,0.0,0.0,515.0,0.0,537.0
BenchMark4,0.0,0.0,0.0,720.0,0.0,519.0
Simple,0.0042310045147990515,1.0,51.0,4002.0,0.0,0.0
Reinforcement,0.0020346585271441633,1.0,101.0,4024.0,0.0,0.0
Simple,0.0042310045147990515,1.0,51.0,3900.0,0.0,0.0
Reinforcement,0.0020346585271441633,1.0,101.0,4244.0,0.0,0.0
Simple,0.0042310045147990515,1.0,51.0,3951.0,0.0,0.0
Reinforcement,0.0020346585271441633,1.0,101.0,4224.0,0.0,0.0
Aggressive,0.0050338946000991446,1.0,11.0,4602.0,1.0,-184655.27774424193
BenchMark2,7.204316339659487E-17,0.0,0.0,19532.0,0.0,0.0
BenchMark3,7.204316339659487E-17,0.0,0.0,19640.0,0.0,0.0
BenchMark4,7.204316339659487E-17,0.0,0.0,19535.0,0.0,0.0
Simple,0.0042310045147990515,1.0,51.0,4116.0,0.0,0.0
Reinforcement,0.0020346585271441633,1.0,101.0,4185.0,0.0,0.0
Simple,0.0042310045147990515,1.0,51.0,3950.0,0.0,0.0
Reinforcement,0.0020346585271441633,1.0,101.0,4400.0,0.0,0.0
Aggressive,0.0020408026478409736,1.0,11.0,5251.0,0.0,0.0
CDFP,0.0020408026478409736,1.0,11.0,5209.0,0.0,0.0
BenchMark2,7.204316339659487E-17,0.0,0.0,20116.0,0.0,0.0
BenchMark3,7.204316339659487E-17,0.0,0.0,21341.0,0.0,0.0
BenchMark4,7.204316339659487E-17,0.0,0.0,19904.0,0.0,0.0
Simple,0.0042310045147990515,1.0,51.0,3955.0,0.0,0.0
Reinforcement,0.0020346585271441633,1.0,101.0,4227.0,0.0,0.0
Aggressive,0.0020408026478409736,1.0,11.0,5100.0,0.0,0.0
CDFP,0.0020408026478409736,1.0,11.0,4993.0,0.0,0.0
BenchMark2,7.204316339659487E-17,0.0,0.0,18064.0,0.0,0.0
Simple,0.0042310045147990515,1.0,51.0,3922.0,0.0,0.0
Reinforcement,0.0020346585271441633,1.0,101.0,4039.0,0.0,0.0
Aggressive,0.0020408026478409736,1.0,11.0,5183.0,0.0,0.0
CDFP,0.0020408026478409736,1.0,11.0,5042.0,0.0,0.0
Simple,0.0042310045147990515,1.0,51.0,3965.0,0.0,0.0
Reinforcement,0.0020346585271441633,1.0,101.0,4285.0,0.0,0.0
Aggressive,0.0020408026478409736,1.0,11.0,4871.0,0.0,0.0
CDFP,0.0020408026478409736,1.0,11.0,5113.0,0.0,0.0
Simple,0.0042310045147990515,1.0,51.0,4206.0,0.0,0.0
Reinforcement,0.0020346585271441633,1.0,101.0,4405.0,0.0,0.0
Aggressive,0.0020408026478409736,1.0,11.0,5080.0,0.0,0.0
Simple,0.0042310045147990515,1.0,51.0,3889.0,0.0,0.0
Reinforcement,0.0020346585271441633,1.0,101.0,4064.0,0.0,0.0
Aggressive,0.0020408026478409736,1.0,11.0,5019.0,0.0,0.0
CDFP,0.004323438380787723,1.0,4114.0,350589.0,0.0,0.0
BenchMark2,7.204316339659487E-17,0.0,0.0,19522.0,0.0,0.0
BenchMark3,7.204316339659487E-17,0.0,0.0,19568.0,0.0,0.0
BenchMark4,7.204316339659487E-17,0.0,0.0,20057.0,0.0,0.0
Simple,0.0,0.0,1.0,89.0,0.0,-14.0
Reinforcement,0.0,0.0,1.0,24.0,0.0,-14.0
Aggressive,0.0,0.0,1.0,19.0,0.0,-15.0
CDFP,0.0,0.0,0.0,1.0,1.0,-500.0
BenchMark2,0.0,0.0,0.0,109.0,0.0,-19.0
BenchMark3,0.0,0.0,0.0,60.0,0.0,-20.0
BenchMark4,0.0,0.0,0.0,120.0,0.0,-22.0
Simple,0.0,0.0,1.0,36.0,0.0,-14.0
Reinforcement,0.0,0.0,1.0,32.0,0.0,-14.0
Aggressive,0.0,0.0,1.0,22.0,0.0,-15.0
CDFP,0.0,0.0,0.0,3.0,1.0,-500.0
BenchMark2,0.0,0.0,0.0,22.0,0.0,-19.0
BenchMark3,0.0,0.0,0.0,60.0,0.0,-20.0
BenchMark4,0.0,0.0,0.0,231.0,0.0,-22.0
Simple,0.0,0.0,1.0,33.0,0.0,-14.0
Reinforcement,0.0,0.0,1.0,37.0,0.0,-14.0
Aggressive,0.0,0.0,1.0,29.0,0.0,-15.0
CDFP,0.0,0.0,0.0,2.0,1.0,-500.0
BenchMark2,0.0,0.0,0.0,13.0,0.0,-19.0
BenchMark3,0.0,0.0,0.0,80.0,0.0,-20.0
BenchMark4,0.0,0.0,0.0,200.0,0.0,-22.0
Simple,0.0,0.0,1.0,31.0,0.0,-14.0
Reinforcement,0.0,0.0,1.0,55.0,0.0,-14.0
Aggressive,0.0,0.0,1.0,27.0,0.0,-15.0
CDFP,0.0,0.0,0.0,1.0,1.0,-500.0
BenchMark2,0.0,0.0,0.0,19.0,0.0,-19.0
BenchMark3,0.0,0.0,0.0,38.0,0.0,-20.0
BenchMark4,0.0,0.0,0.0,230.0,0.0,-22.0
Simple,0.0,0.0,1.0,44.0,0.0,-14.0
Reinforcement,0.0,0.0,1.0,43.0,0.0,-14.0
Aggressive,0.0,0.0,1.0,30.0,0.0,-15.0
CDFP,0.0,0.0,0.0,21.0,1.0,-500.0
BenchMark2,0.0,0.0,0.0,47.0,0.0,-19.0
BenchMark3,0.0,0.0,0.0,77.0,0.0,-20.0
BenchMark4,0.0,0.0,0.0,330.0,0.0,-22.0
Simple,0.0,0.0,1.0,45.0,0.0,-14.0
Reinforcement,0.0,0.0,1.0,30.0,0.0,-14.0
Aggressive,0.0,0.0,1.0,36.0,0.0,-15.0
CDFP,0.0,0.0,0.0,1.0,1.0,-500.0
BenchMark2,0.0,0.0,0.0,20.0,0.0,-19.0
BenchMark3,0.0,0.0,0.0,38.0,0.0,-20.0
BenchMark4,0.0,0.0,0.0,211.0,0.0,-22.0
Simple,0.0,0.0,1.0,44.0,0.0,-14.0
Reinforcement,0.0,0.0,1.0,28.0,0.0,-14.0
Aggressive,0.0,0.0,1.0,30.0,0.0,-15.0
CDFP,0.0,0.0,0.0,1.0,1.0,-500.0
BenchMark2,0.0,0.0,0.0,22.0,0.0,-19.0
BenchMark3,0.0,0.0,0.0,63.0,0.0,-20.0
BenchMark4,0.0,0.0,0.0,246.0,0.0,-22.0
Simple,0.0,0.0,1.0,56.0,0.0,-14.0
Reinforcement,0.0,0.0,1.0,23.0,0.0,-14.0
Aggressive,0.0,0.0,1.0,24.0,0.0,-15.0
CDFP,0.0,0.0,0.0,2.0,1.0,-500.0
BenchMark2,0.0,0.0,0.0,27.0,0.0,-19.0
BenchMark3,0.0,0.0,0.0,57.0,0.0,-20.0
BenchMark4,0.0,0.0,0.0,221.0,0.0,-22.0
Simple,0.0,0.0,1.0,46.0,0.0,-14.0
Reinforcement,0.0,0.0,1.0,24.0,0.0,-14.0
Aggressive,0.0,0.0,1.0,28.0,0.0,-15.0
CDFP,0.0,0.0,0.0,1.0,1.0,-500.0
BenchMark2,0.0,0.0,0.0,19.0,0.0,-19.0
BenchMark3,0.0,0.0,0.0,84.0,0.0,-20.0
BenchMark4,0.0,0.0,0.0,273.0,0.0,-22.0
Simple,0.0,0.0,1.0,47.0,0.0,-14.0
Reinforcement,0.0,0.0,1.0,44.0,0.0,-14.0
Aggressive,0.0,0.0,1.0,43.0,0.0,-15.0
CDFP,0.0,0.0,0.0,15.0,1.0,-500.0
BenchMark2,0.0,0.0,0.0,24.0,0.0,-19.0
BenchMark3,0.0,0.0,0.0,74.0,0.0,-20.0
BenchMark4,0.0,0.0,0.0,270.0,0.0,-22.0
Simple,0.0,0.0,1.0,36.0,0.0,-14.0
Reinforcement,0.0,0.0,1.0,28.0,0.0,-14.0
Aggressive,0.0,0.0,1.0,22.0,0.0,-15.0
Simple,0.0,0.0,1.0,44.0,0.0,-14.0
Reinforcement,0.0,0.0,1.0,30.0,0.0,-14.0
Aggressive,0.0,0.0,1.0,22.0,0.0,-15.0
Simple,0.0,0.0,1.0,34.0,0.0,-14.0
Reinforcement,0.0,0.0,1.0,30.0,0.0,-14.0
Aggressive,0.0,0.0,1.0,21.0,0.0,-15.0
Simple,0.0,0.0,1.0,34.0,0.0,-14.0
Reinforcement,0.0,0.0,1.0,35.0,0.0,-14.0
Aggressive,0.0,0.0,1.0,33.0,0.0,-15.0
Simple,0.0,0.0,1.0,34.0,0.0,-14.0
Reinforcement,0.0,0.0,1.0,31.0,0.0,-14.0
Aggressive,0.0,0.0,1.0,20.0,0.0,-15.0
CDFP,0.0,0.0,5.0,433.0,0.0,1.59222429216555E14
BenchMark2,0.0,0.0,0.0,38.0,0.0,-19.0
BenchMark3,0.0,0.0,0.0,96.0,0.0,-20.0
BenchMark4,0.0,0.0,0.0,388.0,0.0,-22.0
Simple,0.0,0.0,1.0,52.0,0.0,-14.0
Reinforcement,0.0,0.0,1.0,37.0,0.0,-14.0
Aggressive,0.0,0.0,1.0,27.0,0.0,-15.0
Simple,0.0,0.0,1.0,45.0,0.0,-14.0
Reinforcement,0.0,0.0,1.0,29.0,0.0,-14.0
Aggressive,0.0,0.0,1.0,39.0,0.0,-15.0
BenchMark2,0.0,0.0,0.0,31.0,0.0,-19.0
BenchMark3,0.0,0.0,0.0,112.0,0.0,-20.0
BenchMark4,0.0,0.0,0.0,292.0,0.0,-22.0
Simple,0.0,0.0,1.0,54.0,0.0,-14.0
Reinforcement,0.0,0.0,1.0,31.0,0.0,-14.0
Aggressive,0.0,0.0,1.0,29.0,0.0,-15.0
Simple,0.0,0.0,1.0,35.0,0.0,-14.0
Reinforcement,0.0,0.0,1.0,26.0,0.0,-14.0
Aggressive,0.0,0.0,1.0,28.0,0.0,-15.0
Simple,0.0,0.0,1.0,33.0,0.0,-14.0
Reinforcement,0.0,0.0,1.0,37.0,0.0,-14.0
Aggressive,0.0,0.0,1.0,28.0,0.0,-15.0
CDFP,0.0,0.0,5.0,172.0,0.0,6.934351107158E12
BenchMark2,0.0,0.0,0.0,19.0,0.0,-19.0
BenchMark3,0.0,0.0,0.0,97.0,0.0,-20.0
BenchMark4,0.0,0.0,0.0,325.0,0.0,-22.0
Simple,0.0,0.0,1.0,35.0,0.0,-14.0
Reinforcement,0.0,0.0,1.0,34.0,0.0,-14.0
Aggressive,0.0,0.0,1.0,25.0,0.0,-15.0
CDFP,0.0,0.0,5.0,203.0,0.0,5.83174601966E12
BenchMark2,0.0,0.0,0.0,43.0,0.0,-19.0
BenchMark3,0.0,0.0,0.0,78.0,0.0,-20.0
BenchMark4,0.0,0.0,0.0,341.0,0.0,-22.0
Simple,0.0,0.0,1.0,34.0,0.0,-14.0
Reinforcement,0.0,0.0,1.0,41.0,0.0,-14.0
Aggressive,0.0,0.0,1.0,27.0,0.0,-15.0
Simple,0.0,0.0,1.0,42.0,0.0,-14.0
Reinforcement,0.0,0.0,1.0,31.0,0.0,-14.0
Aggressive,0.0,0.0,1.0,22.0,0.0,-15.0
CDFP,NaN,0.0,1.0,206.0,0.0,-Infinity
BenchMark2,0.0,0.0,0.0,25.0,0.0,-19.0
BenchMark3,0.0,0.0,0.0,86.0,0.0,-20.0
BenchMark4,0.0,0.0,0.0,298.0,0.0,-22.0
Simple,0.0,0.0,1.0,34.0,0.0,-14.0
Reinforcement,0.0,0.0,1.0,29.0,0.0,-14.0
Aggressive,0.0,0.0,1.0,27.0,0.0,-15.0
CDFP,NaN,0.0,2.0,302.0,0.0,-Infinity
BenchMark2,0.0,0.0,0.0,27.0,0.0,-19.0
BenchMark3,0.0,0.0,0.0,62.0,0.0,-20.0
BenchMark4,0.0,0.0,0.0,284.0,0.0,-22.0
Simple,0.0,0.0,1.0,50.0,0.0,-14.0
Reinforcement,0.0,0.0,1.0,30.0,0.0,-14.0
Aggressive,0.0,0.0,1.0,29.0,0.0,-15.0
Simple,0.0,0.0,1.0,34.0,0.0,-14.0
Reinforcement,0.0,0.0,1.0,33.0,0.0,-14.0
Aggressive,0.0,0.0,1.0,30.0,0.0,-15.0
Simple,0.0,0.0,1.0,45.0,0.0,-14.0
Reinforcement,0.0,0.0,1.0,30.0,0.0,-14.0
Aggressive,0.0,0.0,1.0,21.0,0.0,-15.0
Simple,0.0,0.0,1.0,44.0,0.0,-14.0
Reinforcement,0.0,0.0,1.0,24.0,0.0,-14.0
Aggressive,0.0,0.0,1.0,25.0,0.0,-15.0
Simple,0.0,0.0,1.0,39.0,0.0,-14.0
Reinforcement,0.0,0.0,1.0,30.0,0.0,-14.0
Aggressive,0.0,0.0,1.0,24.0,0.0,-15.0
Simple,0.0,0.0,1.0,46.0,0.0,-14.0
Reinforcement,0.0,0.0,1.0,32.0,0.0,-14.0
Aggressive,0.0,0.0,1.0,24.0,0.0,-15.0
Simple,0.0,0.0,1.0,39.0,0.0,-14.0
Reinforcement,0.0,0.0,1.0,40.0,0.0,-14.0
Aggressive,0.0,0.0,1.0,27.0,0.0,-15.0
Simple,0.0,0.0,1.0,40.0,0.0,-14.0
Reinforcement,0.0,0.0,1.0,33.0,0.0,-14.0
Aggressive,0.0,0.0,1.0,22.0,0.0,-15.0
Simple,0.0,0.0,1.0,39.0,0.0,-14.0
Reinforcement,0.0,0.0,1.0,34.0,0.0,-14.0
Aggressive,0.0,0.0,1.0,34.0,0.0,-15.0
Simple,0.0,0.0,1.0,40.0,0.0,-14.0
Reinforcement,0.0,0.0,1.0,32.0,0.0,-14.0
Aggressive,0.0,0.0,1.0,19.0,0.0,-15.0
CDFP,0.0,0.0,8.0,167.0,0.0,2.9046942812440285E19
BenchMark2,0.0,0.0,0.0,20.0,0.0,-19.0
BenchMark3,0.0,0.0,0.0,54.0,0.0,-20.0
BenchMark4,0.0,0.0,0.0,344.0,0.0,-22.0
Simple,0.0,0.0,1.0,38.0,0.0,-14.0
Reinforcement,0.0,0.0,1.0,33.0,0.0,-14.0
Aggressive,0.0,0.0,1.0,30.0,0.0,-15.0
Simple,0.0,0.0,1.0,34.0,0.0,-14.0
Reinforcement,0.0,0.0,1.0,38.0,0.0,-14.0
Aggressive,0.0,0.0,1.0,31.0,0.0,-15.0
Simple,0.0,0.0,1.0,33.0,0.0,-14.0
Reinforcement,0.0,0.0,1.0,36.0,0.0,-14.0
Aggressive,0.0,0.0,1.0,20.0,0.0,-15.0
Simple,0.0,0.0,1.0,34.0,0.0,-14.0
Reinforcement,0.0,0.0,1.0,36.0,0.0,-14.0
Aggressive,0.0,0.0,1.0,27.0,0.0,-15.0
Simple,0.0,0.0,1.0,34.0,0.0,-14.0
Reinforcement,0.0,0.0,1.0,31.0,0.0,-14.0
Aggressive,0.0,0.0,1.0,20.0,0.0,-15.0
Simple,0.0,0.0,1.0,34.0,0.0,-14.0
Reinforcement,0.0,0.0,1.0,32.0,0.0,-14.0
Aggressive,0.0,0.0,1.0,25.0,0.0,-15.0
Simple,0.0,0.0,1.0,36.0,0.0,-14.0
Reinforcement,0.0,0.0,1.0,30.0,0.0,-14.0
Aggressive,0.0,0.0,1.0,30.0,0.0,-15.0
Simple,0.0,0.0,1.0,34.0,0.0,-14.0
Reinforcement,0.0,0.0,1.0,29.0,0.0,-14.0
Aggressive,0.0,0.0,1.0,22.0,0.0,-15.0
CDFP,NaN,0.0,1.0,157.0,0.0,-Infinity
BenchMark2,0.0,0.0,0.0,21.0,0.0,-19.0
BenchMark3,0.0,0.0,0.0,46.0,0.0,-20.0
BenchMark4,0.0,0.0,0.0,248.0,0.0,-22.0
Simple,0.0,0.0,1.0,45.0,0.0,-14.0
Reinforcement,0.0,0.0,1.0,32.0,0.0,-14.0
Aggressive,0.0,0.0,1.0,29.0,0.0,-15.0
CDFP,NaN,0.0,1.0,158.0,0.0,-Infinity
BenchMark2,0.0,0.0,0.0,17.0,0.0,-19.0
BenchMark3,0.0,0.0,0.0,58.0,0.0,-20.0
BenchMark4,0.0,0.0,0.0,242.0,0.0,-22.0
Simple,0.0,0.0,1.0,38.0,0.0,-14.0
Reinforcement,0.0,0.0,1.0,30.0,0.0,-14.0
Aggressive,0.0,0.0,1.0,21.0,0.0,-15.0
CDFP,NaN,0.0,1.0,161.0,0.0,-Infinity
BenchMark2,0.0,0.0,0.0,19.0,0.0,-19.0
BenchMark3,0.0,0.0,0.0,43.0,0.0,-20.0
BenchMark4,0.0,0.0,0.0,308.0,0.0,-22.0
Simple,0.0,0.0,1.0,33.0,0.0,-14.0
Reinforcement,0.0,0.0,1.0,30.0,0.0,-14.0
Aggressive,0.0,0.0,1.0,21.0,0.0,-15.0
Simple,0.0,0.0,1.0,37.0,0.0,-14.0
Reinforcement,0.0,0.0,1.0,33.0,0.0,-14.0
Aggressive,0.0,0.0,1.0,29.0,0.0,-15.0
Simple,0.0,0.0,1.0,35.0,0.0,-14.0
Reinforcement,0.0,0.0,1.0,33.0,0.0,-14.0
Aggressive,0.0,0.0,1.0,30.0,0.0,-15.0
Simple,0.0,0.0,1.0,48.0,0.0,-14.0
Reinforcement,0.0,0.0,1.0,47.0,0.0,-14.0
Aggressive,0.0,0.0,1.0,31.0,0.0,-15.0
CDFP,0.0,0.0,2.0,171.0,0.0,3380152.0
BenchMark2,0.0,0.0,0.0,33.0,0.0,-19.0
BenchMark3,0.0,0.0,0.0,114.0,0.0,-20.0
BenchMark4,0.0,0.0,0.0,405.0,0.0,-22.0
Simple,0.0,0.0,1.0,38.0,0.0,-14.0
Reinforcement,0.0,0.0,1.0,27.0,0.0,-14.0
Aggressive,0.0,0.0,1.0,27.0,0.0,-15.0
CDFP,0.0,0.0,1.0,19.0,0.0,-14.0
BenchMark2,0.0,0.0,0.0,34.0,0.0,-19.0
BenchMark3,0.0,0.0,0.0,47.0,0.0,-20.0
BenchMark4,0.0,0.0,0.0,237.0,0.0,-22.0
Simple,0.006192856662078162,1.0,51.0,175.0,0.0,3116.429512401206
Reinforcement,0.0,0.0,22.0,103.0,0.0,8693.0
Aggressive,0.003235198295532359,1.0,11.0,100.0,0.0,4597.525298231181
Simple,0.006192856662078162,1.0,51.0,179.0,0.0,3116.429512401206
Reinforcement,0.0,0.0,22.0,86.0,0.0,8624.0
Aggressive,0.003235198295532359,1.0,11.0,93.0,0.0,4597.525298231181
BenchMark2,0.0,0.0,0.0,27.0,0.0,4333.0
BenchMark3,0.0,0.0,0.0,107.0,0.0,4258.0
BenchMark4,0.0,0.0,0.0,126.0,0.0,4174.0
Simple,0.006192856662078162,1.0,51.0,194.0,0.0,3116.429512401206
Reinforcement,0.0,0.0,25.0,83.0,0.0,9322.0
Aggressive,0.003235198295532359,1.0,11.0,91.0,0.0,4597.525298231181
CDFP,0.003137333397309235,1.0,101.0,308.0,1.0,2545.1111111111113
BenchMark2,0.0,0.0,0.0,28.0,0.0,4333.0
BenchMark3,0.0,0.0,0.0,49.0,0.0,4258.0
BenchMark4,0.0,0.0,0.0,33.0,0.0,4174.0
Simple,0.006192856662078162,1.0,51.0,171.0,0.0,3116.429512401206
Reinforcement,0.0,0.0,25.0,100.0,0.0,9322.0
Aggressive,0.003235198295532359,1.0,11.0,95.0,0.0,4597.525298231181
CDFP,0.0,0.0,24.0,125.0,1.0,2378.0
BenchMark2,0.0,0.0,0.0,85.0,0.0,4333.0
BenchMark3,0.0,0.0,0.0,142.0,0.0,4258.0
BenchMark4,0.0,0.0,0.0,64.0,0.0,4174.0
Simple,0.006192856662078162,1.0,51.0,183.0,0.0,3116.429512401206
Reinforcement,0.0,0.0,22.0,74.0,0.0,8624.0
Aggressive,0.003235198295532359,1.0,11.0,100.0,0.0,4597.525298231181
CDFP,0.0020937174155061114,1.0,101.0,470.0,0.0,3548.3701915970205
BenchMark2,0.0,0.0,0.0,41.0,0.0,4333.0
BenchMark3,0.0,0.0,0.0,96.0,0.0,4258.0
BenchMark4,0.0,0.0,0.0,71.0,0.0,4174.0
Simple,0.006192856662078162,1.0,51.0,193.0,0.0,3116.429512401206
Reinforcement,0.0,0.0,25.0,136.0,0.0,9253.0
Aggressive,0.003235198295532359,1.0,11.0,87.0,0.0,4597.525298231181
Simple,0.006192856662078162,1.0,51.0,186.0,0.0,3116.429512401206
Reinforcement,0.0,0.0,22.0,80.0,0.0,8624.0
Aggressive,0.003235198295532359,1.0,11.0,104.0,0.0,4597.525298231181
CDFP,0.0022931231099327177,1.0,101.0,564.0,0.0,3595.523658391664
BenchMark2,0.0,0.0,0.0,77.0,0.0,4333.0
BenchMark3,0.0,0.0,0.0,63.0,0.0,4258.0
BenchMark4,0.0,0.0,0.0,89.0,0.0,4174.0
Simple,0.006192856662078162,1.0,51.0,171.0,0.0,3116.429512401206
Reinforcement,0.0,0.0,26.0,108.0,0.0,9253.0
Aggressive,0.003235198295532359,1.0,11.0,92.0,0.0,4597.525298231181
CDFP,0.005140701991578088,1.0,1001.0,3915.0,0.0,3413.3097301305506
BenchMark2,0.0,0.0,0.0,119.0,0.0,4333.0
BenchMark3,0.0,0.0,0.0,48.0,0.0,4258.0
BenchMark4,0.0,0.0,0.0,64.0,0.0,4174.0
Simple,0.006192856662078162,1.0,51.0,191.0,0.0,3116.429512401206
Reinforcement,0.0,0.0,25.0,110.0,0.0,9322.0
Aggressive,0.003235198295532359,1.0,11.0,96.0,0.0,4597.525298231181
CDFP,0.001362876050813979,1.0,10001.0,35438.0,0.0,3916.6150698761894
BenchMark2,0.0,0.0,0.0,20.0,0.0,4333.0
BenchMark3,0.0,0.0,0.0,48.0,0.0,4258.0
BenchMark4,0.0,0.0,0.0,46.0,0.0,4174.0
Simple,0.006192856662078162,1.0,51.0,212.0,0.0,3116.429512401206
Reinforcement,0.0,0.0,22.0,95.0,0.0,8624.0
Aggressive,0.003235198295532359,1.0,11.0,130.0,0.0,4597.525298231181
Simple,0.006192856662078162,1.0,51.0,185.0,0.0,3116.429512401206
Reinforcement,0.0,0.0,22.0,88.0,0.0,8693.0
Aggressive,0.003235198295532359,1.0,11.0,78.0,0.0,4597.525298231181
CDFP,0.004297276676585143,1.0,10001.0,27880.0,0.0,3939.751113262047
BenchMark2,0.0,0.0,0.0,17.0,0.0,4333.0
BenchMark3,0.0,0.0,0.0,19.0,0.0,4258.0
BenchMark4,0.0,0.0,0.0,30.0,0.0,4174.0
Simple,0.006192856662078162,1.0,51.0,175.0,0.0,3116.429512401206
Reinforcement,0.0,0.0,22.0,102.0,0.0,8624.0
Aggressive,0.003235198295532359,1.0,11.0,96.0,0.0,4597.525298231181
CDFP,0.0,0.0,4881.0,16062.0,0.0,4734.0
BenchMark2,0.0,0.0,0.0,29.0,0.0,4333.0
BenchMark3,0.0,0.0,0.0,83.0,0.0,4258.0
BenchMark4,0.0,0.0,0.0,59.0,0.0,4174.0
Simple,0.006192856662078162,1.0,51.0,189.0,0.0,3116.429512401206
Reinforcement,0.0,0.0,22.0,82.0,0.0,8624.0
Aggressive,0.003235198295532359,1.0,11.0,114.0,0.0,4597.525298231181
Simple,0.006192856662078162,1.0,51.0,186.0,0.0,3116.429512401206
Reinforcement,0.0,0.0,22.0,92.0,0.0,8624.0
Aggressive,0.003235198295532359,1.0,11.0,110.0,0.0,4597.525298231181
CDFP,0.0,0.0,12827.0,45167.0,0.0,4975.0
BenchMark2,0.0,0.0,0.0,26.0,0.0,4333.0
BenchMark3,0.0,0.0,0.0,66.0,0.0,4258.0
BenchMark4,0.0,0.0,0.0,32.0,0.0,4174.0
Simple,0.006192856662078162,1.0,51.0,179.0,0.0,3116.429512401206
Reinforcement,0.0,0.0,26.0,97.0,0.0,8819.0
Aggressive,0.003235198295532359,1.0,11.0,96.0,0.0,4597.525298231181
Simple,0.006192856662078162,1.0,51.0,176.0,0.0,3116.429512401206
Reinforcement,0.0,0.0,22.0,111.0,0.0,8693.0
Aggressive,0.003235198295532359,1.0,11.0,74.0,0.0,4597.525298231181
Simple,0.006192856662078162,1.0,51.0,192.0,0.0,3116.429512401206
Reinforcement,0.0,0.0,24.0,115.0,0.0,8819.0
Aggressive,0.003235198295532359,1.0,11.0,114.0,0.0,4597.525298231181
CDFP,0.0,0.0,87.0,709.0,0.0,7165.0
BenchMark2,0.0,0.0,0.0,22.0,0.0,4333.0
BenchMark3,0.0,0.0,0.0,41.0,0.0,4258.0
BenchMark4,0.0,0.0,0.0,49.0,0.0,4174.0
Simple,0.006192856662078162,1.0,51.0,168.0,0.0,3116.429512401206
Reinforcement,0.0,0.0,23.0,91.0,0.0,8624.0
Aggressive,0.003235198295532359,1.0,11.0,90.0,0.0,4597.525298231181
Simple,0.006192856662078162,1.0,51.0,178.0,0.0,3116.429512401206
Reinforcement,0.0,0.0,25.0,122.0,0.0,9322.0
Aggressive,0.003235198295532359,1.0,11.0,91.0,0.0,4597.525298231181
Simple,0.006192856662078162,1.0,51.0,174.0,0.0,3116.429512401206
Reinforcement,0.0,0.0,25.0,115.0,0.0,9253.0
Aggressive,0.003235198295532359,1.0,11.0,108.0,0.0,4597.525298231181
CDFP,0.0,0.0,87.0,745.0,0.0,7165.0
BenchMark2,0.0,0.0,0.0,25.0,0.0,4333.0
BenchMark3,0.0,0.0,0.0,100.0,0.0,4258.0
BenchMark4,0.0,0.0,0.0,44.0,0.0,4174.0
Simple,0.006192856662078162,1.0,51.0,197.0,0.0,3116.429512401206
Reinforcement,0.0,0.0,25.0,111.0,0.0,9253.0
Aggressive,0.003235198295532359,1.0,11.0,99.0,0.0,4597.525298231181
CDFP,0.0,0.0,87.0,673.0,0.0,7165.0
BenchMark2,0.0,0.0,0.0,42.0,0.0,4333.0
BenchMark3,0.0,0.0,0.0,41.0,0.0,4258.0
BenchMark4,0.0,0.0,0.0,64.0,0.0,4174.0
Simple,0.006192856662078162,1.0,51.0,179.0,0.0,3116.429512401206
Reinforcement,0.0,0.0,25.0,92.0,0.0,9322.0
Aggressive,0.003235198295532359,1.0,11.0,100.0,0.0,4597.525298231181
CDFP,0.0,0.0,87.0,700.0,0.0,7165.0
BenchMark2,0.0,0.0,0.0,38.0,0.0,4333.0
BenchMark3,0.0,0.0,0.0,97.0,0.0,4258.0
BenchMark4,0.0,0.0,0.0,82.0,0.0,4174.0
Simple,0.006192856662078162,1.0,51.0,179.0,0.0,3116.429512401206
Reinforcement,0.0,0.0,25.0,104.0,0.0,9322.0
Aggressive,0.003235198295532359,1.0,11.0,92.0,0.0,4597.525298231181
CDFP,0.0,0.0,136.0,1004.0,0.0,8598.0
BenchMark2,0.0,0.0,0.0,31.0,0.0,4333.0
BenchMark3,0.0,0.0,0.0,84.0,0.0,4258.0
BenchMark4,0.0,0.0,0.0,135.0,0.0,4174.0
Simple,0.006192856662078162,1.0,51.0,182.0,0.0,3116.429512401206
Reinforcement,0.0,0.0,25.0,126.0,0.0,9322.0
Aggressive,0.003235198295532359,1.0,11.0,105.0,0.0,4597.525298231181
CDFP,0.0,0.0,157.0,1290.0,0.0,8164.0
BenchMark2,0.0,0.0,0.0,33.0,0.0,4333.0
BenchMark3,0.0,0.0,0.0,43.0,0.0,4258.0
BenchMark4,0.0,0.0,0.0,75.0,0.0,4174.0
Simple,0.006192856662078162,1.0,51.0,165.0,0.0,3116.429512401206
Reinforcement,0.0,0.0,22.0,100.0,0.0,8693.0
Aggressive,0.003235198295532359,1.0,11.0,94.0,0.0,4597.525298231181
CDFP,0.0,0.0,85.0,585.0,0.0,8953.0
BenchMark2,0.0,0.0,0.0,21.0,0.0,4333.0
BenchMark3,0.0,0.0,0.0,55.0,0.0,4258.0
BenchMark4,0.0,0.0,0.0,41.0,0.0,4174.0
Simple,0.00732930598857591,1.0,51.0,4488.0,0.0,26.497216877543114
Reinforcement,0.0,0.0,57.0,2160.0,0.0,72.0
Aggressive,0.0061889230855959616,1.0,11.0,7382.0,0.0,36.0
CDFP,0.0,0.0,38.0,8296.0,0.0,39.0
BenchMark2,0.0,0.0,0.0,66.0,0.0,68.0
BenchMark3,0.0,0.0,0.0,70.0,0.0,42.0
BenchMark4,0.0,0.0,0.0,231.0,0.0,40.0
Simple,0.00732930598857591,1.0,51.0,4517.0,0.0,26.497216877543114
Reinforcement,0.0,0.0,57.0,2137.0,0.0,71.0
Aggressive,0.0061889230855959616,1.0,11.0,7518.0,0.0,36.0
CDFP,0.0,0.0,40.0,16895.0,0.0,38.0
BenchMark2,0.0,0.0,0.0,55.0,0.0,68.0
BenchMark3,0.0,0.0,0.0,82.0,0.0,42.0
BenchMark4,0.0,0.0,0.0,244.0,0.0,40.0
Simple,0.00732930598857591,1.0,51.0,4373.0,0.0,26.497216877543114
Reinforcement,0.0,0.0,57.0,1999.0,0.0,72.0
Aggressive,0.0061889230855959616,1.0,11.0,7724.0,0.0,36.0
CDFP,0.0,0.0,40.0,15401.0,0.0,38.0
BenchMark2,0.0,0.0,0.0,47.0,0.0,68.0
BenchMark3,0.0,0.0,0.0,66.0,0.0,42.0
BenchMark4,0.0,0.0,0.0,3424.0,0.0,37.0
Simple,0.00732930598857591,1.0,51.0,4595.0,0.0,26.497216877543114
Reinforcement,0.0,0.0,60.0,2030.0,0.0,72.0
Aggressive,0.0061889230855959616,1.0,11.0,8053.0,0.0,36.0
CDFP,0.0,0.0,38.0,8879.0,0.0,39.0
BenchMark2,0.0,0.0,0.0,67.0,0.0,68.0
BenchMark3,0.0,0.0,0.0,65.0,0.0,42.0
BenchMark4,0.0,0.0,0.0,3373.0,0.0,37.0
Simple,NaN,0.0,1.0,107.0,0.0,7.0
Reinforcement,NaN,0.0,1.0,96.0,0.0,7.0
Aggressive,NaN,1.0,11.0,461.0,0.0,7.0
Simple,4.4525132933861283E-4,1.0,51.0,26382.0,0.0,55535.436388224254
Reinforcement,0.0,0.0,7.0,1902.0,0.0,59615.0
Aggressive,1.3754996309429346E-4,1.0,11.0,3067.0,0.0,58855.0
CDFP,1.246881204655387E-20,0.0,4.0,1729.0,0.0,59571.0
BenchMark2,1.9150082004074403E-18,0.0,0.0,5568.0,0.0,56136.99999999999
BenchMark3,1.9150082004074403E-18,0.0,0.0,8427.0,0.0,56136.99999999999
BenchMark4,1.9150082004074403E-18,0.0,0.0,7755.0,0.0,56136.99999999999
Simple,0.013041013273932525,1.0,51.0,1976.0,0.0,17.14285714285714
Reinforcement,0.0,0.0,17.0,136.0,0.0,23.0
Aggressive,0.011564811108145183,1.0,11.0,122.0,0.0,23.0
CDFP,0.0,0.0,15.0,119.0,0.0,24.0
BenchMark2,0.0,0.0,0.0,20.0,0.0,23.0
BenchMark3,0.0,0.0,0.0,903.0,0.0,22.0
BenchMark4,5.551115123125783E-18,0.0,0.0,1859.0,0.0,20.0
Simple,0.0018545202092198393,1.0,51.0,2134.0,0.0,0.0
Reinforcement,0.001094216048978442,1.0,101.0,1730.0,0.0,0.0
Aggressive,0.0010411677221565426,1.0,11.0,523.0,0.0,0.0
Simple,0.023072627398074662,1.0,51.0,820.0,0.0,62.63728041845076
Reinforcement,3.0470819826887766E-4,1.0,101.0,2172.0,0.0,84.54684491237792
Aggressive,0.012901695714758544,1.0,11.0,332.0,0.0,80.00000000000001
BenchMark2,0.0,0.0,0.0,1038.0,0.0,66.49999999999999
BenchMark3,0.0,0.0,0.0,49114.0,0.0,66.27272727272728
Simple,0.023072627398074662,1.0,51.0,831.0,0.0,62.63728041845076
Reinforcement,3.0470819826887766E-4,1.0,101.0,2204.0,0.0,84.54684491237792
Aggressive,0.012901695714758544,1.0,11.0,332.0,0.0,80.00000000000001
BenchMark2,0.0,0.0,0.0,1032.0,0.0,66.49999999999999
Simple,0.023072627398074662,1.0,51.0,855.0,0.0,62.63728041845076
Reinforcement,3.0470819826887766E-4,1.0,101.0,2197.0,0.0,84.54684491237792
Aggressive,0.012901695714758544,1.0,11.0,436.0,0.0,80.00000000000001
BenchMark2,0.0,0.0,0.0,1012.0,0.0,66.49999999999999
BenchMark3,0.0,0.0,0.0,49734.0,0.0,66.27272727272728
Simple,0.023072627398074662,1.0,51.0,886.0,0.0,62.63728041845076
Reinforcement,3.0470819826887766E-4,1.0,101.0,2202.0,0.0,84.54684491237792
Aggressive,0.012901695714758544,1.0,11.0,335.0,0.0,80.00000000000001
CDFP,0.0,0.0,25.0,1174.0,0.0,85.0
BenchMark2,0.0,0.0,0.0,1051.0,0.0,66.49999999999999
Simple,0.0,0.0,0.0,67.0,0.0,332.42272727272723
Reinforcement,0.0,0.0,0.0,55.0,0.0,332.42272727272723
Aggressive,0.0,0.0,0.0,58.0,0.0,332.42272727272723
CDFP,0.0,0.0,0.0,38.0,0.0,332.42272727272723
BenchMark2,0.0,0.0,0.0,74.0,0.0,332.42272727272734
BenchMark3,0.0,0.0,0.0,71.0,0.0,332.42272727272734
BenchMark4,0.0,0.0,0.0,72.0,0.0,332.42272727272734
Simple,9.443640600560745E-4,1.0,51.0,214.0,0.0,8.000024E8
Reinforcement,3.301859285930614E-4,1.0,101.0,451.0,0.0,8.60005948974359E9
Aggressive,5.61530228489645E-4,1.0,11.0,77.0,0.0,9.000088571427801E8
CDFP,0.0,0.0,15.0,52.0,1.0,3.6000256E9
BenchMark2,0.0,0.0,0.0,67.0,0.0,3.2000287500000005E9
BenchMark3,0.0,0.0,0.0,75.0,0.0,3.0000280999999857E9
BenchMark4,0.0,0.0,0.0,119.0,0.0,2.766695233333334E9
Simple,7.174833911109815E-4,1.0,51.0,532.0,0.0,-2406943.5563428816
Reinforcement,5.775624929238736E-4,1.0,101.0,845.0,0.0,-1984249.1184564212
Aggressive,5.05758150774068E-4,1.0,11.0,113.0,0.0,-2178324.861174945
CDFP,0.0,0.0,13.0,131.0,0.0,-1952576.2625999996
BenchMark2,0.0,0.0,0.0,178.0,0.0,-2331614.9828999992
BenchMark3,0.0,0.0,0.0,180.0,0.0,-2396983.0234999997
BenchMark4,0.0,0.0,0.0,177.0,0.0,-2401035.530699999
Simple,0.01666666666666667,1.0,51.0,3535.0,0.0,16.666666666666675
Reinforcement,0.0,0.0,46.0,921.0,0.0,53.0
Aggressive,0.01632993161855452,1.0,11.0,551.0,0.0,20.000000000000014
CDFP,0.0,0.0,195.0,12575.0,0.0,57.0
BenchMark2,0.0,0.0,0.0,69.0,0.0,40.0
BenchMark3,0.0,0.0,0.0,75.0,0.0,31.0
Simple,NaN,0.0,1.0,24.0,0.0,6637.188026943754
Reinforcement,NaN,0.0,1.0,17.0,0.0,6637.188026943754
Aggressive,NaN,1.0,11.0,35.0,0.0,6637.188026943754
Simple,NaN,0.0,1.0,20.0,0.0,6637.188026943754
Reinforcement,NaN,0.0,1.0,21.0,0.0,6637.188026943754
Aggressive,NaN,1.0,11.0,32.0,0.0,6637.188026943754
Simple,NaN,0.0,1.0,35.0,0.0,6637.188026943754
Reinforcement,NaN,0.0,1.0,29.0,0.0,6637.188026943754
Aggressive,NaN,1.0,11.0,43.0,0.0,6637.188026943754
CDFP,NaN,1.0,1.0,14.0,0.0,6637.188026943754
BenchMark2,NaN,0.0,0.0,16.0,0.0,6637.188026943754
BenchMark3,NaN,0.0,0.0,11.0,0.0,6637.188026943754
BenchMark4,NaN,0.0,0.0,14.0,0.0,6637.188026943754
Simple,6.439560658531124E-4,1.0,51.0,7967.0,0.0,1075.2476907784417
Reinforcement,4.4821590117555553E-4,1.0,101.0,411.0,0.0,1181.1588856684496
Aggressive,5.530352314397234E-4,1.0,11.0,118.0,0.0,1272.2804742419012
CDFP,0.0,0.0,31.0,1105.0,0.0,1534.766006
BenchMark2,0.0,0.0,0.0,53.0,0.0,3314.5202120000013
BenchMark3,0.0,0.0,0.0,94.0,0.0,2302.924668
BenchMark4,0.0,0.0,0.0,271.0,0.0,1565.2975150000004
Simple,6.439560658531124E-4,1.0,51.0,7872.0,0.0,1075.2476907784417
Reinforcement,4.4821590117555553E-4,1.0,101.0,414.0,0.0,1181.1588856684496
Aggressive,5.530352314397234E-4,1.0,11.0,121.0,0.0,1272.2804742419012
CDFP,0.0,0.0,31.0,1087.0,0.0,1534.766006
BenchMark2,0.0,0.0,0.0,55.0,0.0,3314.5202120000013
BenchMark3,0.0,0.0,0.0,76.0,0.0,2302.924668
BenchMark4,0.0,0.0,0.0,251.0,0.0,1565.2975150000004
Simple,0.00911945420472764,1.0,51.0,8504.0,0.0,-8.871653185102267E8
Reinforcement,0.001103147108315887,1.0,101.0,1426.0,0.0,-1.0490626449501842E8
Aggressive,0.003531548874002637,1.0,11.0,473.0,0.0,-2.0961057626650319E8
Simple,0.005802491265019171,1.0,51.0,4130.0,0.0,-462.3057273705474
Reinforcement,0.0012788884827543846,1.0,101.0,1780.0,0.0,-420.61888276828836
Aggressive,8.816543614094741E-4,1.0,11.0,621.0,0.0,-445.6024022775292
CDFP,0.0,0.0,135.0,4711.0,0.0,-432.2690240000002
BenchMark2,0.0,0.0,0.0,123.0,0.0,-145.65124200000008
BenchMark3,0.0,0.0,0.0,105.0,0.0,-148.65626300000005
BenchMark4,0.0,0.0,0.0,1265.0,0.0,-455.62789400000037
Simple,NaN,0.0,1.0,925.0,0.0,-20.00000000000001
Reinforcement,NaN,0.0,1.0,881.0,0.0,-20.00000000000001
Aggressive,NaN,1.0,11.0,1586.0,0.0,-20.00000000000001
CDFP,NaN,1.0,1.0,1047.0,0.0,-20.00000000000001
BenchMark2,NaN,0.0,0.0,881.0,0.0,-20.00000000000001
BenchMark3,NaN,0.0,0.0,1042.0,0.0,-20.00000000000001
BenchMark4,NaN,0.0,0.0,799.0,0.0,-20.00000000000001
Simple,NaN,0.0,1.0,71.0,0.0,1.9999999999999991
Reinforcement,NaN,0.0,1.0,57.0,0.0,1.9999999999999991
Aggressive,NaN,1.0,11.0,269.0,0.0,1.9999999999999991
CDFP,NaN,1.0,1.0,68.0,0.0,1.9999999999999991
BenchMark2,NaN,0.0,0.0,45.0,0.0,1.9999999999999991
BenchMark3,NaN,0.0,0.0,43.0,0.0,1.9999999999999991
BenchMark4,NaN,0.0,0.0,38.0,0.0,1.9999999999999991
Simple,0.02063659968172862,1.0,51.0,7252.0,0.0,3875862.862589286
Reinforcement,0.0,0.0,71.0,2798.0,0.0,2.364587928E7
Aggressive,0.01310851980225191,1.0,11.0,1362.0,0.0,5698649.418571427
CDFP,0.0,0.0,213.0,10809.0,0.0,2.01225843E7
BenchMark2,0.0,0.0,0.0,126.0,0.0,2.2584468240000002E7
BenchMark3,0.0,0.0,0.0,149.0,0.0,2.227489002E7
BenchMark4,0.0,0.0,0.0,603.0,0.0,1.4727078179999998E7
Simple,0.0012903611646792998,1.0,51.0,3645.0,0.0,0.0
Reinforcement,0.0012460055286880282,1.0,101.0,3965.0,0.0,6.0
Aggressive,0.0012460055286880282,1.0,11.0,858.0,0.0,9.0
Simple,0.0012903611646792998,1.0,51.0,3513.0,0.0,0.0
Reinforcement,0.0012460055286880282,1.0,101.0,3375.0,0.0,6.0
Aggressive,0.0012460055286880282,1.0,11.0,821.0,0.0,9.0
Simple,0.0012903611646792998,1.0,51.0,3703.0,0.0,0.0
Reinforcement,0.0012460055286880282,1.0,101.0,3981.0,0.0,6.0
Aggressive,0.0012460055286880282,1.0,11.0,840.0,0.0,9.0
Simple,8.767633132219113E-4,1.0,51.0,14866.0,0.0,3060037.4307631087
Reinforcement,0.0,0.0,6.0,1441.0,0.0,3377338.3700000006
Aggressive,0.0,0.0,4.0,1158.0,0.0,3.354455575E7
CDFP,0.0,0.0,4.0,1122.0,0.0,3.354455575E7
BenchMark2,0.0,0.0,0.0,223.0,0.0,1.6512412563E8
BenchMark3,0.0,0.0,0.0,605.0,0.0,3689780.600000001
BenchMark4,0.0,0.0,0.0,5481.0,0.0,3415818.440000001
Simple,NaN,0.0,1.0,61.0,0.0,26.203595813574307
Reinforcement,NaN,0.0,1.0,57.0,0.0,26.203595813574307
Aggressive,NaN,1.0,11.0,110.0,0.0,26.203595813574307
CDFP,NaN,1.0,1.0,61.0,0.0,26.203595813574307
BenchMark2,NaN,0.0,0.0,55.0,0.0,26.203595813574307
BenchMark3,NaN,0.0,0.0,53.0,0.0,26.203595813574307
BenchMark4,NaN,0.0,0.0,51.0,0.0,26.203595813574307
Simple,0.010908004269540923,1.0,51.0,2536.0,0.0,-3.933991092303651E7
Reinforcement,0.0015384539145793332,1.0,101.0,366.0,0.0,-2.664133567183644E7
Aggressive,0.0020424941671607234,1.0,11.0,160.0,0.0,-3.0605959767589606E7
BBFP,0.0,0.0,168.0,1544.0,0.0,-2.435766226117449E7
BenchMark2,0.0,0.0,0.0,54.0,0.0,-2.3148318281252056E7
BenchMark3,0.0,0.0,0.0,62.0,0.0,-2.766084847503048E7
BenchMark4,0.0,0.0,0.0,600.0,0.0,-3.2673645033695918E7
Simple,0.010908004269540923,1.0,51.0,2518.0,0.0,-3.933991092303651E7
Reinforcement,0.0015384539145793332,1.0,101.0,340.0,0.0,-2.664133567183644E7
Aggressive,0.0020424941671607234,1.0,11.0,155.0,0.0,-3.0605959767589606E7
BBFP,0.0,0.0,168.0,1521.0,0.0,-2.435766226117449E7
BenchMark2,0.0,0.0,0.0,51.0,0.0,-2.3148318281252056E7
BenchMark3,0.0,0.0,0.0,64.0,0.0,-2.766084847503048E7
BenchMark4,0.0,0.0,0.0,662.0,0.0,-3.2673645033695918E7
Simple,0.010908004269540923,1.0,51.0,2529.0,0.0,-3.933991092303651E7
Reinforcement,0.0015384539145793332,1.0,101.0,343.0,0.0,-2.664133567183644E7
Aggressive,0.0020424941671607234,1.0,11.0,150.0,0.0,-3.0605959767589606E7
BBFP,0.0,0.0,168.0,1503.0,0.0,-2.435766226117449E7
BenchMark2,0.0,0.0,0.0,56.0,0.0,-2.3148318281252056E7
BenchMark3,0.0,0.0,0.0,61.0,0.0,-2.766084847503048E7
BenchMark4,0.0,0.0,0.0,606.0,0.0,-3.2673645033695918E7
Simple,0.010908004269540923,1.0,51.0,2549.0,0.0,-3.933991092303651E7
Reinforcement,0.0015384539145793332,1.0,101.0,353.0,0.0,-2.664133567183644E7
Aggressive,0.0020424941671607234,1.0,11.0,162.0,0.0,-3.0605959767589606E7
BBFP,0.0,0.0,168.0,1590.0,0.0,-2.435766226117449E7
BenchMark2,0.0,0.0,0.0,57.0,0.0,-2.3148318281252056E7
BenchMark3,0.0,0.0,0.0,62.0,0.0,-2.766084847503048E7
BenchMark4,0.0,0.0,0.0,654.0,0.0,-3.2673645033695918E7
Simple,0.010908004269540923,1.0,51.0,2503.0,0.0,-3.933991092303651E7
Reinforcement,0.0015384539145793332,1.0,101.0,337.0,0.0,-2.664133567183644E7
Aggressive,0.0020424941671607234,1.0,11.0,186.0,0.0,-3.0605959767589606E7
BBFP,0.0,0.0,168.0,1527.0,0.0,-2.435766226117449E7
BenchMark2,0.0,0.0,0.0,52.0,0.0,-2.3148318281252056E7
BenchMark3,0.0,0.0,0.0,64.0,0.0,-2.766084847503048E7
BenchMark4,0.0,0.0,0.0,608.0,0.0,-3.2673645033695918E7
Simple,0.010908004269540923,1.0,51.0,2544.0,0.0,-3.933991092303651E7
Reinforcement,0.0015384539145793332,1.0,101.0,382.0,0.0,-2.664133567183644E7
Aggressive,0.0020424941671607234,1.0,11.0,156.0,0.0,-3.0605959767589606E7
BBFP,0.0,0.0,168.0,1523.0,0.0,-2.435766226117449E7
BenchMark2,0.0,0.0,0.0,53.0,0.0,-2.3148318281252056E7
BenchMark3,0.0,0.0,0.0,57.0,0.0,-2.766084847503048E7
BenchMark4,0.0,0.0,0.0,623.0,0.0,-3.2673645033695918E7
Simple,0.010908004269540923,1.0,51.0,2547.0,0.0,-3.933991092303651E7
Reinforcement,0.0015384539145793332,1.0,101.0,362.0,0.0,-2.664133567183644E7
Aggressive,0.0020424941671607234,1.0,11.0,155.0,0.0,-3.0605959767589606E7
BBFP,0.0,0.0,168.0,1520.0,0.0,-2.435766226117449E7
BenchMark2,0.0,0.0,0.0,54.0,0.0,-2.3148318281252056E7
BenchMark3,0.0,0.0,0.0,66.0,0.0,-2.766084847503048E7
BenchMark4,0.0,0.0,0.0,592.0,0.0,-3.2673645033695918E7
Simple,0.0,0.0,1.0,47.0,0.0,-14.0
Reinforcement,0.0,0.0,1.0,25.0,0.0,-14.0
Aggressive,0.0,0.0,1.0,22.0,0.0,-15.0
BBFP,0.0,0.0,1.0,20.0,0.0,-15.0
DADUSH,NaN,0.0,2.0,167.0,0.0,NaN
BenchMark2,0.0,0.0,0.0,56.0,0.0,-19.0
BenchMark3,0.0,0.0,0.0,83.0,0.0,-20.0
BenchMark4,0.0,0.0,0.0,7142.0,0.0,-24.0
Simple,0.0,0.0,1.0,45.0,0.0,-14.0
Reinforcement,0.0,0.0,1.0,22.0,0.0,-14.0
Aggressive,0.0,0.0,1.0,37.0,0.0,-15.0
BBFP,0.0,0.0,1.0,18.0,0.0,-15.0
DADUSH,NaN,0.0,2.0,182.0,0.0,NaN
BenchMark2,0.0,0.0,0.0,18.0,0.0,-19.0
BenchMark3,0.0,0.0,0.0,67.0,0.0,-20.0
BenchMark4,0.0,0.0,0.0,7349.0,0.0,-24.0
Simple,0.0,0.0,1.0,46.0,0.0,-14.0
Reinforcement,0.0,0.0,1.0,32.0,0.0,-14.0
Aggressive,0.0,0.0,1.0,33.0,0.0,-15.0
BBFP,0.0,0.0,1.0,25.0,0.0,-15.0
DADUSH,NaN,0.0,2.0,185.0,0.0,NaN
BenchMark2,0.0,0.0,0.0,54.0,0.0,-19.0
BenchMark3,0.0,0.0,0.0,79.0,0.0,-20.0
BenchMark4,0.0,0.0,0.0,7126.0,0.0,-24.0
Simple,0.0,0.0,1.0,44.0,0.0,-14.0
Reinforcement,0.0,0.0,1.0,35.0,0.0,-14.0
Aggressive,0.0,0.0,1.0,26.0,0.0,-15.0
BBFP,0.0,0.0,1.0,22.0,0.0,-15.0
DADUSH,NaN,0.0,2.0,220.0,0.0,NaN
BenchMark2,0.0,0.0,0.0,30.0,0.0,-19.0
BenchMark3,0.0,0.0,0.0,97.0,0.0,-20.0
BenchMark4,0.0,0.0,0.0,8467.0,0.0,-24.0
Simple,0.0,0.0,1.0,34.0,0.0,-14.0
Reinforcement,0.0,0.0,1.0,33.0,0.0,-14.0
Aggressive,0.0,0.0,1.0,22.0,0.0,-15.0
BBFP,0.0,0.0,1.0,25.0,0.0,-15.0
DADUSH,NaN,0.0,2.0,183.0,0.0,NaN
BenchMark2,0.0,0.0,0.0,34.0,0.0,-19.0
BenchMark3,0.0,0.0,0.0,62.0,0.0,-20.0
BenchMark4,0.0,0.0,0.0,7349.0,0.0,-24.0
Simple,0.0,0.0,1.0,34.0,0.0,-14.0
Reinforcement,0.0,0.0,1.0,27.0,0.0,-14.0
Aggressive,0.0,0.0,1.0,25.0,0.0,-15.0
BBFP,0.0,0.0,1.0,17.0,0.0,-15.0
Simple,0.0,0.0,1.0,43.0,0.0,-14.0
Reinforcement,0.0,0.0,1.0,32.0,0.0,-14.0
Aggressive,0.0,0.0,1.0,24.0,0.0,-15.0
BBFP,0.0,0.0,1.0,18.0,0.0,-15.0
DADUSH,NaN,0.0,2.0,160.0,0.0,NaN
BenchMark2,0.0,0.0,0.0,23.0,0.0,-19.0
BenchMark3,0.0,0.0,0.0,95.0,0.0,-20.0
BenchMark4,0.0,0.0,0.0,8229.0,0.0,-24.0
Simple,0.0,0.0,1.0,45.0,0.0,-14.0
Reinforcement,0.0,0.0,1.0,34.0,0.0,-14.0
Aggressive,0.0,0.0,1.0,29.0,0.0,-15.0
BBFP,0.0,0.0,1.0,23.0,0.0,-15.0
DADUSH,NaN,0.0,2.0,149.0,0.0,NaN
BenchMark2,0.0,0.0,0.0,29.0,0.0,-19.0
BenchMark3,0.0,0.0,0.0,90.0,0.0,-20.0
BenchMark4,0.0,0.0,0.0,7376.0,0.0,-24.0
Simple,0.0,0.0,1.0,40.0,0.0,-14.0
Reinforcement,0.0,0.0,1.0,35.0,0.0,-14.0
Aggressive,0.0,0.0,1.0,34.0,0.0,-15.0
BBFP,0.0,0.0,1.0,25.0,0.0,-15.0
DADUSH,0.0,0.0,1.0,54.0,0.0,-2.0
BenchMark2,0.0,0.0,0.0,21.0,0.0,-19.0
BenchMark3,0.0,0.0,0.0,45.0,0.0,-20.0
BenchMark4,0.0,0.0,0.0,7329.0,0.0,-24.0
Simple,0.0,0.0,1.0,40.0,0.0,-14.0
Reinforcement,0.0,0.0,1.0,27.0,0.0,-14.0
Aggressive,0.0,0.0,1.0,31.0,0.0,-15.0
BBFP,0.0,0.0,1.0,24.0,0.0,-15.0
DADUSH,NaN,0.0,2.0,171.0,0.0,NaN
BenchMark2,0.0,0.0,0.0,36.0,0.0,-19.0
BenchMark3,0.0,0.0,0.0,97.0,0.0,-20.0
BenchMark4,0.0,0.0,0.0,6894.0,0.0,-24.0
Simple,0.0,0.0,1.0,37.0,0.0,-14.0
Reinforcement,0.0,0.0,1.0,35.0,0.0,-14.0
Aggressive,0.0,0.0,1.0,26.0,0.0,-15.0
BBFP,0.0,0.0,1.0,21.0,0.0,-15.0
DADUSH,0.0,0.0,7.0,538.0,0.0,-1.0
BenchMark2,0.0,0.0,0.0,40.0,0.0,-19.0
BenchMark3,0.0,0.0,0.0,61.0,0.0,-20.0
BenchMark4,0.0,0.0,0.0,6955.0,0.0,-24.0
Simple,0.0,0.0,1.0,34.0,0.0,-14.0
Reinforcement,0.0,0.0,1.0,33.0,0.0,-14.0
Aggressive,0.0,0.0,1.0,30.0,0.0,-15.0
BBFP,0.0,0.0,1.0,24.0,0.0,-15.0
DADUSH,0.0,0.0,3.0,236.0,0.0,-1.0
BenchMark2,0.0,0.0,0.0,55.0,0.0,-19.0
BenchMark3,0.0,0.0,0.0,77.0,0.0,-20.0
BenchMark4,0.0,0.0,0.0,6966.0,0.0,-24.0
Simple,0.0,0.0,1.0,41.0,0.0,-14.0
Reinforcement,0.0,0.0,1.0,36.0,0.0,-14.0
Aggressive,0.0,0.0,1.0,27.0,0.0,-15.0
BBFP,0.0,0.0,1.0,20.0,0.0,-15.0
DADUSH,0.0,0.0,3.0,229.0,0.0,-1.0
BenchMark2,0.0,0.0,0.0,34.0,0.0,-19.0
BenchMark3,0.0,0.0,0.0,75.0,0.0,-20.0
Simple,0.0,0.0,1.0,40.0,0.0,-14.0
Reinforcement,0.0,0.0,1.0,35.0,0.0,-14.0
Aggressive,0.0,0.0,1.0,24.0,0.0,-15.0
BBFP,0.0,0.0,1.0,17.0,0.0,-15.0
DADUSH,0.0,0.0,4.0,334.0,0.0,-1.0
BenchMark2,0.0,0.0,0.0,81.0,0.0,-19.0
BenchMark3,0.0,0.0,0.0,121.0,0.0,-20.0
Simple,0.0,0.0,1.0,37.0,0.0,-14.0
Reinforcement,0.0,0.0,1.0,33.0,0.0,-14.0
Aggressive,0.0,0.0,1.0,32.0,0.0,-15.0
BBFP,0.0,0.0,1.0,17.0,0.0,-15.0
DADUSH,0.0,0.0,7.0,523.0,0.0,-1.0
BenchMark2,0.0,0.0,0.0,33.0,0.0,-19.0
BenchMark3,0.0,0.0,0.0,84.0,0.0,-20.0
BenchMark4,0.0,0.0,0.0,6978.0,0.0,-24.0
Simple,0.0,0.0,1.0,47.0,0.0,-14.0
Reinforcement,0.0,0.0,1.0,28.0,0.0,-14.0
Aggressive,0.0,0.0,1.0,25.0,0.0,-15.0
BBFP,0.0,0.0,1.0,25.0,0.0,-15.0
DADUSH,0.0,0.0,3.0,219.0,0.0,-1.0
BenchMark2,0.0,0.0,0.0,33.0,0.0,-19.0
BenchMark3,0.0,0.0,0.0,107.0,0.0,-20.0
BenchMark4,0.0,0.0,0.0,7214.0,0.0,-24.0
Simple,0.0,0.0,1.0,47.0,0.0,-14.0
Reinforcement,0.0,0.0,1.0,31.0,0.0,-14.0
Aggressive,0.0,0.0,1.0,31.0,0.0,-15.0
BBFP,0.0,0.0,1.0,24.0,0.0,-15.0
DADUSH,0.0,0.0,1.0,76.0,0.0,-2.0
BenchMark2,0.0,0.0,0.0,26.0,0.0,-19.0
BenchMark3,0.0,0.0,0.0,60.0,0.0,-20.0
BenchMark4,0.0,0.0,0.0,7233.0,0.0,-24.0
Simple,0.0,0.0,1.0,48.0,0.0,-14.0
Reinforcement,0.0,0.0,1.0,27.0,0.0,-14.0
Aggressive,0.0,0.0,1.0,36.0,0.0,-15.0
BBFP,0.0,0.0,1.0,26.0,0.0,-15.0
DADUSH,0.0,0.0,7.0,492.0,0.0,-1.0
BenchMark2,0.0,0.0,0.0,41.0,0.0,-19.0
BenchMark3,0.0,0.0,0.0,47.0,0.0,-20.0
Simple,0.0,0.0,1.0,54.0,0.0,-14.0
Reinforcement,0.0,0.0,1.0,50.0,0.0,-14.0
Aggressive,0.0,0.0,1.0,33.0,0.0,-15.0
BBFP,0.0,0.0,1.0,30.0,0.0,-15.0
DADUSH,0.0,0.0,1.0,147.0,0.0,-6.0
BenchMark2,0.0,0.0,0.0,71.0,0.0,-19.0
BenchMark3,0.0,0.0,0.0,122.0,0.0,-20.0
BenchMark4,0.0,0.0,0.0,11253.0,0.0,-24.0
BenchMark4,0.0,0.0,0.0,10444.0,0.0,-24.0
Simple,0.0,0.0,1.0,33.0,0.0,-14.0
Reinforcement,0.0,0.0,1.0,48.0,0.0,-14.0
Aggressive,0.0,0.0,1.0,27.0,0.0,-15.0
BBFP,0.0,0.0,1.0,23.0,0.0,-15.0
DADUSH,0.0,0.0,7.0,481.0,0.0,-4.0
BenchMark2,0.0,0.0,0.0,57.0,0.0,-19.0
BenchMark3,0.0,0.0,0.0,133.0,0.0,-20.0
BenchMark4,0.0,0.0,0.0,7191.0,0.0,-24.0
Simple,0.0,0.0,1.0,42.0,0.0,-14.0
Reinforcement,0.0,0.0,1.0,33.0,0.0,-14.0
Aggressive,0.0,0.0,1.0,31.0,0.0,-15.0
BBFP,0.0,0.0,1.0,26.0,0.0,-15.0
DADUSH,0.0,0.0,7.0,469.0,0.0,-4.0
BenchMark2,0.0,0.0,0.0,57.0,0.0,-19.0
BenchMark3,0.0,0.0,0.0,122.0,0.0,-20.0
BenchMark4,0.0,0.0,0.0,7478.0,0.0,-24.0
Simple,0.0,0.0,1.0,47.0,0.0,-14.0
Reinforcement,0.0,0.0,1.0,33.0,0.0,-14.0
Aggressive,0.0,0.0,1.0,19.0,0.0,-15.0
BBFP,0.0,0.0,1.0,29.0,0.0,-15.0
DADUSH,0.0,0.0,7.0,484.0,0.0,-4.0
BenchMark2,0.0,0.0,0.0,41.0,0.0,-19.0
BenchMark3,0.0,0.0,0.0,70.0,0.0,-20.0
BenchMark4,0.0,0.0,0.0,7599.0,0.0,-24.0
Simple,0.0,0.0,1.0,36.0,0.0,-14.0
Reinforcement,0.0,0.0,1.0,33.0,0.0,-14.0
Aggressive,0.0,0.0,1.0,22.0,0.0,-15.0
BBFP,0.0,0.0,1.0,17.0,0.0,-15.0
DADUSH,0.0,0.0,1.0,129.0,0.0,-1.0
BenchMark2,0.0,0.0,0.0,17.0,0.0,-19.0
BenchMark3,0.0,0.0,0.0,68.0,0.0,-20.0
BenchMark4,0.0,0.0,0.0,7361.0,0.0,-24.0
Simple,0.0,0.0,1.0,38.0,0.0,-14.0
Reinforcement,0.0,0.0,1.0,30.0,0.0,-14.0
Aggressive,0.0,0.0,1.0,20.0,0.0,-15.0
BBFP,0.0,0.0,1.0,24.0,0.0,-15.0
DADUSH,0.0,0.0,1.0,136.0,0.0,-1.0
BenchMark2,0.0,0.0,0.0,27.0,0.0,-19.0
BenchMark3,0.0,0.0,0.0,74.0,0.0,-20.0
Simple,0.0,0.0,1.0,46.0,0.0,-14.0
Reinforcement,0.0,0.0,1.0,30.0,0.0,-14.0
Aggressive,0.0,0.0,1.0,28.0,0.0,-15.0
BBFP,0.0,0.0,1.0,25.0,0.0,-15.0
DADUSH,0.0,0.0,7.0,479.0,0.0,-4.0
BenchMark2,0.0,0.0,0.0,20.0,0.0,-19.0
BenchMark3,0.0,0.0,0.0,75.0,0.0,-20.0
BenchMark4,0.0,0.0,0.0,7528.0,0.0,-24.0
Simple,0.0,0.0,1.0,125.0,0.0,-14.0
Reinforcement,0.0,0.0,1.0,20.0,0.0,-14.0
Aggressive,0.0,0.0,1.0,19.0,0.0,-15.0
BBFP,0.0,0.0,1.0,15.0,0.0,-15.0
DADUSH,0.0,0.0,7.0,587.0,0.0,-4.0
BenchMark2,0.0,0.0,0.0,56.0,0.0,-19.0
BenchMark3,0.0,0.0,0.0,67.0,0.0,-20.0
BenchMark4,0.0,0.0,0.0,6798.0,0.0,-24.0
Simple,0.0,0.0,1.0,35.0,0.0,-14.0
Reinforcement,0.0,0.0,1.0,36.0,0.0,-14.0
Aggressive,0.0,0.0,1.0,26.0,0.0,-15.0
BBFP,0.0,0.0,1.0,24.0,0.0,-15.0
DADUSH,0.0,0.0,7.0,505.0,0.0,-4.0
BenchMark2,0.0,0.0,0.0,35.0,0.0,-19.0
BenchMark3,0.0,0.0,0.0,95.0,0.0,-20.0
BenchMark4,0.0,0.0,0.0,6823.0,0.0,-24.0
Simple,0.0,0.0,1.0,42.0,0.0,-14.0
Reinforcement,0.0,0.0,1.0,23.0,0.0,-14.0
Aggressive,0.0,0.0,1.0,29.0,0.0,-15.0
BBFP,0.0,0.0,1.0,19.0,0.0,-15.0
DADUSH,0.0,0.0,7.0,459.0,0.0,-4.0
BenchMark2,0.0,0.0,0.0,37.0,0.0,-19.0
BenchMark3,0.0,0.0,0.0,52.0,0.0,-20.0
BenchMark4,0.0,0.0,0.0,6842.0,0.0,-24.0
Simple,0.0,0.0,1.0,41.0,0.0,-14.0
Reinforcement,0.0,0.0,1.0,22.0,0.0,-14.0
Aggressive,0.0,0.0,1.0,30.0,0.0,-15.0
BBFP,0.0,0.0,1.0,32.0,0.0,-15.0
DADUSH,0.0,0.0,7.0,488.0,0.0,-4.0
BenchMark2,0.0,0.0,0.0,20.0,0.0,-19.0
BenchMark3,0.0,0.0,0.0,59.0,0.0,-20.0
Simple,0.0,0.0,1.0,34.0,0.0,-14.0
Reinforcement,0.0,0.0,1.0,25.0,0.0,-14.0
Aggressive,0.0,0.0,1.0,20.0,0.0,-15.0
BBFP,0.0,0.0,1.0,19.0,0.0,-15.0
DADUSH,0.0,0.0,7.0,475.0,0.0,-4.0
BenchMark2,0.0,0.0,0.0,18.0,0.0,-19.0
BenchMark3,0.0,0.0,0.0,61.0,0.0,-20.0
BenchMark4,0.0,0.0,0.0,6672.0,0.0,-24.0
Simple,0.0,0.0,1.0,35.0,0.0,-14.0
Reinforcement,0.0,0.0,1.0,24.0,0.0,-14.0
Aggressive,0.0,0.0,1.0,26.0,0.0,-15.0
BBFP,0.0,0.0,1.0,25.0,0.0,-15.0
DADUSH,0.0,0.0,7.0,436.0,0.0,-4.0
BenchMark2,0.0,0.0,0.0,42.0,0.0,-19.0
BenchMark3,0.0,0.0,0.0,50.0,0.0,-20.0
BenchMark4,0.0,0.0,0.0,6896.0,0.0,-24.0
Simple,0.0,0.0,1.0,46.0,0.0,-14.0
Reinforcement,0.0,0.0,1.0,31.0,0.0,-14.0
Aggressive,0.0,0.0,1.0,32.0,0.0,-15.0
BBFP,0.0,0.0,1.0,20.0,0.0,-15.0
DADUSH,0.0,0.0,7.0,440.0,0.0,-4.0
BenchMark2,0.0,0.0,0.0,22.0,0.0,-19.0
BenchMark3,0.0,0.0,0.0,47.0,0.0,-20.0
BenchMark4,0.0,0.0,0.0,6749.0,0.0,-24.0
Simple,0.0,0.0,1.0,40.0,0.0,-14.0
Reinforcement,0.0,0.0,1.0,31.0,0.0,-14.0
Aggressive,0.0,0.0,1.0,21.0,0.0,-15.0
BBFP,0.0,0.0,1.0,18.0,0.0,-15.0
DADUSH,0.0,0.0,7.0,493.0,0.0,-4.0
BenchMark2,0.0,0.0,0.0,29.0,0.0,-19.0
BenchMark3,0.0,0.0,0.0,63.0,0.0,-20.0
BenchMark4,0.0,0.0,0.0,6973.0,0.0,-24.0
Simple,0.003822158484653431,1.0,51.0,3300.0,0.0,7.0
Reinforcement,0.0,0.0,3.0,293.0,0.0,22.0
Aggressive,0.0,0.0,1.0,206.0,0.0,33.0
BBFP,0.0,0.0,1.0,128.0,0.0,33.0
Simple,0.003822158484653431,1.0,51.0,3016.0,0.0,7.0
Reinforcement,0.0,0.0,7.0,376.0,0.0,32.0
Aggressive,0.0,0.0,1.0,187.0,0.0,33.0
BBFP,0.0,0.0,1.0,128.0,0.0,33.0
Simple,0.003822158484653431,1.0,51.0,2954.0,0.0,7.0
Reinforcement,0.0,0.0,11.0,586.0,0.0,28.0
Aggressive,0.0,0.0,1.0,191.0,0.0,33.0
BBFP,0.0,0.0,1.0,131.0,0.0,33.0
Simple,0.003822158484653431,1.0,51.0,2952.0,0.0,7.0
Reinforcement,0.0,0.0,4.0,305.0,0.0,25.0
Aggressive,0.0,0.0,1.0,190.0,0.0,33.0
BBFP,0.0,0.0,1.0,132.0,0.0,33.0
Simple,0.003822158484653431,1.0,51.0,2920.0,0.0,7.0
Reinforcement,0.0,0.0,7.0,401.0,0.0,23.0
Aggressive,0.0,0.0,1.0,184.0,0.0,33.0
BBFP,0.0,0.0,1.0,124.0,0.0,33.0
DADUSH,0.0018710423980590073,1.0,0.0,41.0,0.0,7.0
BenchMark2,0.0,0.0,0.0,159.0,0.0,22.0
BenchMark3,0.0,0.0,0.0,75.0,0.0,21.0
BenchMark4,0.0,0.0,0.0,557.0,0.0,17.0
Simple,0.00911945420472764,1.0,51.0,8439.0,0.0,-8.871653185102267E8
Reinforcement,0.001103147108315887,1.0,101.0,1444.0,0.0,-1.0490626449501842E8
Aggressive,0.003531548874002637,1.0,11.0,516.0,0.0,-2.0961057626650319E8
BBFP,5.188678152982227E-4,1.0,1001.0,159099.0,0.0,-1.8327083835536462E8
DADUSH,0.00911945420472764,1.0,0.0,153.0,0.0,-8.871653185102268E8
BenchMark2,0.0,0.0,0.0,100.0,0.0,-6.783780638896115E7
BenchMark3,0.0,0.0,0.0,124.0,0.0,-6.857898720464692E7
BenchMark4,0.0,0.0,0.0,768.0,0.0,-1.1245338439276645E8
Simple,NaN,0.0,1.0,51.0,0.0,6637.188026943754
Reinforcement,NaN,0.0,1.0,23.0,0.0,6637.188026943754
Aggressive,NaN,1.0,11.0,39.0,0.0,6637.188026943754
BBFP,NaN,1.0,1.0,16.0,0.0,6637.188026943754
DADUSH,NaN,1.0,0.0,41.0,0.0,6637.188026943754
BenchMark2,NaN,0.0,0.0,10.0,0.0,6637.188026943754
BenchMark3,NaN,0.0,0.0,13.0,0.0,6637.188026943754
BenchMark4,NaN,0.0,0.0,10.0,0.0,6637.188026943754
Simple,0.005760715294819264,1.0,51.0,1385.0,0.0,0.0
Reinforcement,0.005405660054367529,1.0,101.0,1800.0,0.0,41.0
Aggressive,0.005088495575221239,1.0,11.0,246.0,0.0,79.0
Simple,0.005760715294819264,1.0,51.0,1342.0,0.0,0.0
Reinforcement,0.005355627626951418,1.0,101.0,1760.0,0.0,47.0
Aggressive,0.005088495575221239,1.0,11.0,241.0,0.0,79.0
Simple,0.005760715294819264,1.0,51.0,1345.0,0.0,0.0
Reinforcement,0.00535105602763178,1.0,101.0,1686.0,0.0,50.0
Aggressive,0.005088495575221239,1.0,11.0,247.0,0.0,79.0
Simple,0.005760715294819264,1.0,51.0,1400.0,0.0,0.0
Reinforcement,0.005212043800614932,1.0,101.0,1761.0,0.0,73.0
Aggressive,0.005088495575221239,1.0,11.0,250.0,0.0,79.0
DADUSH,0.005760715294819264,1.0,0.0,49.0,0.0,0.0
BenchMark2,0.0,0.0,0.0,56.0,0.0,572.0
BenchMark3,0.0,0.0,0.0,85.0,0.0,425.0
BenchMark4,0.0,0.0,0.0,997.0,0.0,398.0
Simple,0.005760715294819264,1.0,51.0,1341.0,0.0,0.0
Reinforcement,0.00529588902813532,1.0,101.0,1801.0,0.0,61.0
Aggressive,0.005088495575221239,1.0,11.0,245.0,0.0,79.0
Simple,0.005760715294819264,1.0,51.0,1382.0,0.0,0.0
Reinforcement,0.0051268275337417995,1.0,101.0,1658.0,0.0,85.0
Aggressive,0.005088495575221239,1.0,11.0,250.0,0.0,79.0
BBFP,0.0,0.0,234.0,15681.0,0.0,857.0
DADUSH,0.005760715294819264,1.0,0.0,55.0,0.0,0.0
BenchMark2,0.0,0.0,0.0,59.0,0.0,572.0
BenchMark3,0.0,0.0,0.0,59.0,0.0,425.0
BenchMark4,0.0,0.0,0.0,991.0,0.0,398.0
Simple,0.005760715294819264,1.0,51.0,1419.0,0.0,0.0
Reinforcement,0.005360195327250318,1.0,101.0,1739.0,0.0,52.5
Aggressive,0.005088495575221239,1.0,11.0,240.0,0.0,79.0
Simple,0.005760715294819264,1.0,51.0,1349.0,0.0,0.0
Reinforcement,0.005093302846558114,1.0,101.0,1573.0,0.0,91.0
Aggressive,0.005088495575221239,1.0,11.0,253.0,0.0,79.0
BBFP,0.0,0.0,235.0,16013.0,0.0,833.0
DADUSH,0.005760715294819264,1.0,0.0,50.0,0.0,0.0
BenchMark2,0.0,0.0,0.0,59.0,0.0,572.0
BenchMark3,0.0,0.0,0.0,59.0,0.0,425.0
BenchMark4,0.0,0.0,0.0,947.0,0.0,398.0
Simple,0.005760715294819264,1.0,51.0,1366.0,0.0,0.0
Reinforcement,0.00526808889371268,1.0,101.0,1752.0,0.0,65.0
Aggressive,0.005088495575221239,1.0,11.0,243.0,0.0,79.0
BBFP,0.0,0.0,235.0,14870.0,0.0,833.0
DADUSH,0.005760715294819264,1.0,0.0,49.0,0.0,0.0
BenchMark2,0.0,0.0,0.0,53.0,0.0,572.0
BenchMark3,0.0,0.0,0.0,77.0,0.0,425.0
BenchMark4,0.0,0.0,0.0,929.0,0.0,398.0
Simple,0.0,0.0,1.0,35.0,0.0,-13363.619553682247
Reinforcement,0.0,0.0,1.0,52.0,0.0,-13363.619553682247
Aggressive,0.0092991423142682,1.0,11.0,323.0,0.0,-12251.766118351701
BBFP,0.0024931204827744295,1.0,1001.0,50389.0,0.0,-8703.488156933394
DADUSH,0.030696186898070393,1.0,0.0,24.0,0.0,-16646.5860173796
BenchMark2,0.0,0.0,0.0,34.0,0.0,-13363.619553682247
BenchMark3,0.0,0.0,0.0,94.0,0.0,-13543.83541270833
BenchMark4,0.0,0.0,0.0,466.0,0.0,-14222.272789840219
Simple,0.0,0.0,1.0,32.0,0.0,-13363.619553682247
Reinforcement,0.0,0.0,1.0,43.0,0.0,-13363.619553682247
Aggressive,0.0092991423142682,1.0,11.0,201.0,0.0,-12251.766118351701
BBFP,0.0024931204827744295,1.0,1001.0,49530.0,0.0,-8703.488156933394
DADUSH,0.030696186898070393,1.0,0.0,38.0,0.0,-16646.5860173796
BenchMark2,0.0,0.0,0.0,34.0,0.0,-13363.619553682247
BenchMark3,0.0,0.0,0.0,81.0,0.0,-13543.83541270833
BenchMark4,0.0,0.0,0.0,502.0,0.0,-14222.272789840219
Simple,0.0,0.0,1.0,50.0,0.0,-13363.619553682247
Reinforcement,0.0,0.0,1.0,65.0,0.0,-13363.619553682247
Aggressive,0.0092991423142682,1.0,11.0,288.0,0.0,-12251.766118351701
Simple,0.0,0.0,1.0,47.0,0.0,-13363.619553682247
Reinforcement,0.0,0.0,1.0,42.0,0.0,-13363.619553682247
Aggressive,0.0092991423142682,1.0,11.0,290.0,0.0,-12251.766118351701
BBFP,0.0,0.0,19.0,481.0,0.0,-12726.924714669352
DADUSH,0.030696186898070393,1.0,0.0,25.0,0.0,-16646.5860173796
BenchMark2,0.0,0.0,0.0,34.0,0.0,-13363.619553682247
BenchMark3,0.0,0.0,0.0,75.0,0.0,-13543.83541270833
BenchMark4,0.0,0.0,0.0,451.0,0.0,-14222.272789840219
Simple,NaN,0.0,1.0,12.0,0.0,40.42682926829262
Reinforcement,NaN,0.0,1.0,11.0,0.0,40.42682926829262
Aggressive,NaN,1.0,11.0,49.0,0.0,40.42682926829262
BBFP,NaN,1.0,1.0,11.0,0.0,40.42682926829262
DADUSH,NaN,1.0,0.0,13.0,0.0,40.42682926829264
BenchMark2,NaN,0.0,0.0,7.0,0.0,40.42682926829262
BenchMark3,NaN,0.0,0.0,7.0,0.0,40.42682926829262
BenchMark4,NaN,0.0,0.0,8.0,0.0,40.42682926829262
Simple,0.023072627398074662,1.0,51.0,951.0,0.0,62.63728041845076
Reinforcement,3.0470819826887766E-4,1.0,101.0,2218.0,0.0,84.54684491237792
Aggressive,0.012901695714758544,1.0,11.0,335.0,0.0,80.00000000000001
BBFP,0.0,0.0,105.0,5286.0,0.0,77.0
DADUSH,0.02307262739807453,1.0,0.0,45.0,0.0,62.63728041845081
BenchMark2,0.0,0.0,0.0,1018.0,0.0,66.49999999999999
BenchMark3,0.0,0.0,0.0,48773.0,0.0,66.27272727272728
Simple,0.0018545202092198393,1.0,51.0,2156.0,0.0,0.0
Reinforcement,8.489433390212885E-4,1.0,101.0,1707.0,0.0,0.0
Aggressive,0.0010411677221565426,1.0,11.0,490.0,0.0,0.0
Simple,0.0018545202092198393,1.0,51.0,2176.0,0.0,0.0
Reinforcement,9.899149168562794E-4,1.0,101.0,1855.0,0.0,0.1260152715431464
Aggressive,0.0010411677221565426,1.0,11.0,513.0,0.0,0.0
Simple,0.0018545202092198393,1.0,51.0,2089.0,0.0,0.0
Reinforcement,0.0010111609658258359,1.0,101.0,1748.0,0.0,0.01121880339111525
Aggressive,0.0010411677221565426,1.0,11.0,485.0,0.0,0.0
Simple,0.0018545202092198393,1.0,51.0,2172.0,0.0,0.0
Reinforcement,0.0010086900970662461,1.0,101.0,1674.0,0.0,0.0
Aggressive,0.0010411677221565426,1.0,11.0,500.0,0.0,0.0
Simple,0.0018545202092198393,1.0,51.0,2122.0,0.0,0.0
Reinforcement,0.0011153596917987136,1.0,101.0,1632.0,0.0,0.03352794006248205
Aggressive,0.0010411677221565426,1.0,11.0,476.0,0.0,0.0
Simple,0.0018545202092198393,1.0,51.0,2158.0,0.0,0.0
Reinforcement,8.965328600090711E-4,1.0,101.0,1730.0,0.0,0.0
Aggressive,0.0010411677221565426,1.0,11.0,539.0,0.0,0.0
Simple,3.954840719558242E-4,1.0,51.0,28499.0,0.0,-124657.64141322489
Reinforcement,2.207994659161342E-4,1.0,101.0,12604.0,0.0,-105093.88737062491
Aggressive,2.773753380044274E-4,1.0,11.0,2791.0,0.0,-111868.10902973766
Simple,3.954840719558242E-4,1.0,51.0,27494.0,0.0,-124657.64141322489
Reinforcement,2.470730411353455E-4,1.0,101.0,10897.0,0.0,-108457.3407568182
Aggressive,2.773753380044274E-4,1.0,11.0,2630.0,0.0,-111868.10902973766
Simple,3.954840719558242E-4,1.0,51.0,28238.0,0.0,-124657.64141322489
Reinforcement,2.372927276704813E-4,1.0,101.0,11891.0,0.0,-101075.25620106242
Aggressive,2.773753380044274E-4,1.0,11.0,2771.0,0.0,-111868.10902973766
BBFP,2.6443192902357246E-4,1.0,101.0,104574.0,0.0,-110551.11661620192
BenchMark2,0.0,0.0,0.0,19112.0,0.0,-106223.21609999995
BenchMark3,0.0,0.0,0.0,19090.0,0.0,-106229.48309999995
BenchMark4,0.0,0.0,0.0,38796.0,0.0,-106261.38609999995
BenchMark2,0.0,0.0,0.0,18933.0,0.0,-106223.21609999995
BenchMark3,0.0,0.0,0.0,19442.0,0.0,-106229.48309999995
BenchMark2,0.0,0.0,0.0,11247.0,0.0,-34140.2567
BenchMark3,0.0,0.0,0.0,10651.0,0.0,-41864.02619999999
BenchMark2,0.0,0.0,0.0,11532.0,0.0,-34140.2567
BenchMark3,0.0,0.0,0.0,11949.0,0.0,-41864.02619999999
BenchMark4,0.0,0.0,0.0,14405.0,0.0,-56540.60839999998
Simple,3.954840719558242E-4,1.0,51.0,28168.0,0.0,-124657.64141322489
BBFP,1.4732527912295193E-4,1.0,101.0,37854.0,0.0,-92790.58231249997
BenchMark2,0.0,0.0,0.0,21210.0,0.0,-34140.2567
BenchMark3,0.0,0.0,0.0,13048.0,0.0,-41864.02619999999
BenchMark4,0.0,0.0,0.0,15407.0,0.0,-56540.60839999998
Simple,3.954840719558242E-4,1.0,51.0,26771.0,0.0,-124657.64141322489
BBFP,2.7424804398864204E-4,1.0,201.0,112916.0,0.0,-113504.25165723957
BenchMark2,0.0,0.0,0.0,10354.0,0.0,-34140.2567
BenchMark3,0.0,0.0,0.0,10387.0,0.0,-41864.02619999999
BenchMark4,0.0,0.0,0.0,14375.0,0.0,-56540.60839999998
Simple,3.954840719558242E-4,1.0,51.0,26700.0,0.0,-124657.64141322489
Simple,NaN,0.0,1.0,1272.0,0.0,-20.00000000000001
BBFP,NaN,1.0,1.0,1130.0,0.0,-20.00000000000001
BenchMark2,NaN,0.0,0.0,1597.0,0.0,-20.0
BenchMark3,NaN,0.0,0.0,1602.0,0.0,-20.0
BenchMark4,NaN,0.0,0.0,1446.0,0.0,-20.0
Simple,0.0012903611646792998,1.0,51.0,3630.0,0.0,0.0
BBFP,0.0,0.0,4.0,689.0,0.0,465.0
BenchMark2,0.0,0.0,0.0,174.0,0.0,2010.0
BenchMark3,0.0,0.0,0.0,866.0,0.0,1255.0
BenchMark4,0.0,0.0,0.0,776.0,0.0,443.0
Simple,4.4525132933861283E-4,1.0,51.0,26763.0,0.0,55535.436388224254
BBFP,0.0,0.0,4.0,1765.0,0.0,59571.0
BenchMark2,0.0,0.0,0.0,9286.0,0.0,56938.0
BenchMark3,0.0,0.0,0.0,9620.0,0.0,56593.0
BenchMark4,0.0,0.0,0.0,15636.0,0.0,56212.0
Simple,NaN,0.0,1.0,601.0,0.0,0.0
BBFP,NaN,1.0,1.0,252.0,0.0,0.0
BenchMark2,NaN,0.0,0.0,212.0,0.0,0.0
BenchMark3,NaN,0.0,0.0,236.0,0.0,0.0
BenchMark4,NaN,0.0,0.0,249.0,0.0,0.0
Simple,0.0036531620715619787,1.0,51.0,6969.0,0.0,26.62038938911283
BBFP,0.0,0.0,7.0,655.0,0.0,35.0
BenchMark2,0.0,0.0,0.0,117.0,0.0,45.0
BenchMark3,0.0,0.0,0.0,600.0,0.0,38.0
BenchMark4,0.0,0.0,0.0,7572.0,0.0,34.0
Simple,0.006192856662078162,1.0,51.0,171.0,0.0,3116.429512401206
BBFP,0.0,0.0,39.0,492.0,0.0,6716.0
BenchMark2,0.0,0.0,0.0,24.0,0.0,6488.0
BenchMark3,0.0,0.0,0.0,66.0,0.0,4333.0
BenchMark4,5.943913116896216E-12,0.0,0.0,368.0,0.0,4043.9999999184824
Simple,0.029191308882688734,1.0,51.0,180.0,0.0,11.724137931034482
BBFP,0.0,0.0,8.0,195.0,0.0,79.66666666666666
BenchMark2,0.0,0.0,0.0,148.0,0.0,65.28571428571429
BenchMark3,0.0,0.0,0.0,491.0,0.0,62.75
BenchMark4,3.172065784643304E-17,0.0,0.0,7242.0,0.0,56.5
Simple,0.029191308882688734,1.0,51.0,188.0,0.0,11.724137931034482
BBFP,0.0,0.0,8.0,213.0,0.0,79.66666666666666
BenchMark2,0.0,0.0,0.0,190.0,0.0,65.28571428571429
BenchMark3,0.0,0.0,0.0,473.0,0.0,62.75
BenchMark4,0.0,0.0,0.0,458.0,0.0,57.833333333333336
Simple,0.04182146126256473,1.0,51.0,1914.0,0.0,-931.6388567195227
BBFP,0.0,0.0,22.0,988.0,0.0,238.30478305300053
BenchMark2,0.0,0.0,0.0,26.0,0.0,2489.381143053005
BenchMark3,0.0,0.0,0.0,31.0,0.0,2033.2451430530075
BenchMark4,0.0,0.0,0.0,107.0,0.0,1691.143143053007
Simple,3.954840719558242E-4,1.0,51.0,26623.0,0.0,-124657.64141322489
BBFP,2.7424804398864204E-4,1.0,201.0,118764.0,0.0,-113504.25165723957
BenchMark2,0.0,0.0,0.0,10994.0,0.0,-34140.2567
BenchMark3,0.0,0.0,0.0,10312.0,0.0,-41864.02619999999
BenchMark4,0.0,0.0,0.0,13198.0,0.0,-45139.889200000005
ran16x16quad,BenchMark2,0.0,0.0,0.0,35.0,0.0,4333.0
ran16x16quad,BenchMark3,0.0,0.0,0.0,73.0,0.0,4258.0
ran16x16quad,BenchMark4,0.0,0.0,0.0,96.0,0.0,4134.0
ran16x16quad,BenchMark2,0.0,0.0,0.0,18.0,0.0,4333.0
ran16x16quad,BenchMark3,0.0,0.0,0.0,92.0,0.0,4247.0
ran16x16quad,BenchMark4,0.0,0.0,0.0,54.0,0.0,4134.0
ran16x16quad,Simple,0.006192856662078162,1.0,51.0,156.0,0.0,3116.429512401206
ran16x16quad,BenchMark2,0.0,0.0,0.0,59.0,0.0,4333.0
ran16x16quad,BenchMark3,0.0,0.0,0.0,54.0,0.0,4258.0
ran16x16quad,BenchMark4,0.0,0.0,0.0,89.0,0.0,4174.0
ran16x16quad,BBFP,0.0,0.0,39.0,434.0,0.0,6716.0
ran16x16quad,BenchMark2,0.0,0.0,0.0,493.0,0.0,4333.0
ran16x16quad,BenchMark3,0.0,0.0,0.0,40.0,0.0,4258.0
ran16x16quad,BenchMark4,0.0,0.0,0.0,44.0,0.0,4174.0
ran16x16quad,BenchMark2,0.0,0.0,0.0,23.0,0.0,4333.0
ran16x16quad,BenchMark3,0.0,0.0,0.0,24.0,0.0,4258.0
ran16x16quad,BenchMark4,0.0,0.0,0.0,34.0,0.0,4174.0
ran16x16quad,BBFP,0.011439209201782216,1.0,1.0,45.0,1.0,1.167414162742181E7
ran16x16quad,BBFP,0.011439209201782216,1.0,1.0,18.0,1.0,1.167414162742181E7
ran16x16quad,BenchMark2,0.0,0.0,0.0,25.0,0.0,4333.0
ran16x16quad,BenchMark3,0.0,0.0,0.0,50.0,0.0,4247.0
ran16x16quad,BenchMark4,0.0,0.0,0.0,90.0,0.0,4134.0
ran16x16quad,BBFP,0.011439209201782216,1.0,1.0,18.0,1.0,1.167414162742181E7
ran16x16quad,BenchMark2,0.0,0.0,0.0,44.0,0.0,4333.0
ran16x16quad,BenchMark3,0.0,0.0,0.0,51.0,0.0,4247.0
ran16x16quad,BenchMark4,0.0,0.0,0.0,59.0,0.0,4134.0
ran16x16quad,BBFP,0.011439209201782216,1.0,1.0,18.0,1.0,1.167414162742181E7
ran16x16quad,BenchMark2,0.0,0.0,0.0,29.0,0.0,4333.0
ran16x16quad,BenchMark3,0.0,0.0,0.0,49.0,0.0,4247.0
ran16x16quad,BenchMark4,0.0,0.0,0.0,68.0,0.0,4134.0
ran16x16quad,BBFP,0.011439209201782216,1.0,1.0,15.0,1.0,1.167414162742181E7
ran16x16quad,BenchMark2,0.0,0.0,0.0,39.0,0.0,4333.0
ran16x16quad,BenchMark3,0.0,0.0,0.0,49.0,0.0,4247.0
ran16x16quad,BenchMark4,0.0,0.0,0.0,69.0,0.0,4134.0
ran16x16quad,BBFP,0.011439209201782216,1.0,1.0,17.0,1.0,1.167414162742181E7
ran16x16quad,BenchMark2,0.0,0.0,0.0,23.0,0.0,4333.0
ran16x16quad,BenchMark3,0.0,0.0,0.0,51.0,0.0,4247.0
ran16x16quad,BenchMark4,0.0,0.0,0.0,113.0,0.0,4134.0
ran16x16quad,BBFP,0.011439209201782216,1.0,1.0,19.0,1.0,1.167414162742181E7
ran16x16quad,BBFP,0.011439209201782216,1.0,1.0,18.0,1.0,1.167414162742181E7
ran16x16quad,BBFP,0.011439209201782216,1.0,1.0,23.0,1.0,1.167414162742181E7
ran16x16quad,BBFP,0.011439209201782216,1.0,1.0,21.0,1.0,1.167414162742181E7
ran16x16quad,BBFP,0.011439209201782216,1.0,1.0,19.0,1.0,1.167414162742181E7
ran16x16quad,BBFP,0.011439209201782216,1.0,1.0,19.0,1.0,1.167414162742181E7
ran16x16quad,BBFP,0.011439209201782216,1.0,1.0,19.0,1.0,1.167414162742181E7
ran16x16quad,BBFP,0.011439209201782216,1.0,1.0,22.0,1.0,1.167414162742181E7
ran16x16quad,BenchMark2,0.0,0.0,0.0,30.0,0.0,4333.0
ran16x16quad,BenchMark3,0.0,0.0,0.0,51.0,0.0,4258.0
ran16x16quad,BenchMark4,0.0,0.0,0.0,64.0,0.0,4134.0
ran16x16quad,BBFP,0.011439209201782216,1.0,1.0,16.0,1.0,1.167414162742181E7
ran16x16quad,BenchMark2,0.0,0.0,0.0,41.0,0.0,4333.0
ran16x16quad,BenchMark3,0.0,0.0,0.0,63.0,0.0,4258.0
ran16x16quad,BenchMark4,0.0,0.0,0.0,58.0,0.0,4134.0
ran16x16quad,BBFP,0.011439209201782216,1.0,1.0,16.0,1.0,1.167414162742181E7
ran16x16quad,BBFP,0.011439209201782216,1.0,1.0,17.0,1.0,1.167414162742181E7
ran16x16quad,BBFP,0.011439209201782216,1.0,1.0,20.0,1.0,1.167414162742181E7
ran16x16quad,BenchMark2,0.0,0.0,0.0,41.0,0.0,4333.0
ran16x16quad,BenchMark3,0.0,0.0,0.0,51.0,0.0,4258.0
ran16x16quad,BenchMark4,0.0,0.0,0.0,71.0,0.0,4134.0
ran16x16quad,BBFP,0.011439209201782216,1.0,1.0,20.0,1.0,1.167414162742181E7
ran16x16quad,BBFP,0.011439209201782216,1.0,1.0,22.0,1.0,1.167414162742181E7
ran16x16quad,BBFP,0.011439209201782216,1.0,1.0,19.0,1.0,1.167414162742181E7
ran16x16quad,BenchMark2,0.0,0.0,0.0,32.0,0.0,4333.0
ran16x16quad,BenchMark3,0.0,0.0,0.0,71.0,0.0,4105.0
ran16x16quad,BenchMark4,0.0,0.0,0.0,95.0,0.0,4102.0
ran16x16quad,BBFP,0.011439209201782216,1.0,1.0,17.0,1.0,1.167414162742181E7
ran16x16quad,BBFP,0.011439209201782216,1.0,1.0,41.0,1.0,1.167414162742181E7
ran16x16quad,BBFP,0.011439209201782216,1.0,1.0,32.0,1.0,1.167414162742181E7
ran16x16quad,BBFP,0.011439209201782216,1.0,1.0,64.0,1.0,1.167414162742181E7
ran16x16quad,BBFP,0.011439209201782216,1.0,1.0,20.0,1.0,1.167414162742181E7
ran16x16quad,BBFP,0.011439209201782216,1.0,1.0,21.0,1.0,1.167414162742181E7
ran16x16quad,BenchMark2,0.0,0.0,0.0,38.0,0.0,4333.0
ran16x16quad,BenchMark3,0.0,0.0,0.0,71.0,0.0,4105.0
ran16x16quad,BenchMark4,0.0,0.0,0.0,105.0,0.0,4102.0
ran16x16quad,BBFP,0.011439209201782216,1.0,1.0,20.0,1.0,1.167414162742181E7
ran16x16quad,BenchMark2,0.0,0.0,0.0,36.0,0.0,4333.0
ran16x16quad,BenchMark3,0.0,0.0,0.0,67.0,0.0,4105.0
ran16x16quad,BenchMark4,1.0277550037033156E-9,0.0,0.0,78.0,0.0,4102.000016049422
ran16x16quad,BBFP,0.011439209201782216,1.0,1.0,21.0,1.0,1.167414162742181E7
ran16x16quad,BBFP,0.011439209201782216,1.0,1.0,18.0,1.0,1.167414162742181E7
ran16x16quad,BBFP,0.011439209201782216,1.0,1.0,25.0,1.0,1.167414162742181E7
ran16x16quad,BBFP,0.011439209201782216,1.0,1.0,21.0,1.0,1.167414162742181E7
ran16x16quad,BenchMark2,0.0,0.0,0.0,28.0,0.0,4333.0
ran16x16quad,BenchMark3,0.0,0.0,0.0,67.0,0.0,4105.0
ran16x16quad,BenchMark4,1.0277550037033156E-9,0.0,0.0,79.0,0.0,4102.000016049422
ran16x16quad,BBFP,0.011439209201782216,1.0,1.0,87.0,1.0,1.167414162742181E7
ran16x16quad,BenchMark2,0.0,0.0,0.0,25.0,0.0,4333.0
ran16x16quad,BenchMark3,0.0,0.0,0.0,64.0,0.0,4105.0
ran16x16quad,BenchMark4,1.0856684177411288E-9,0.0,0.0,102.0,0.0,4102.0000209158225
ran16x16quad,BBFP,0.011439209201782216,1.0,1.0,19.0,1.0,1.167414162742181E7
ran16x16quad,BBFP,0.011439209201782216,1.0,1.0,43.0,1.0,1.167414162742181E7
ran16x16quad,BBFP,0.011439209201782216,1.0,1.0,95.0,1.0,1.167414162742181E7
ran16x16quad,BenchMark2,0.0,0.0,0.0,27.0,0.0,4333.0
ran16x16quad,BenchMark3,0.0,0.0,0.0,81.0,0.0,4105.0
ran16x16quad,BenchMark4,1.2333471383671035E-9,0.0,0.0,118.0,0.0,4102.000019259949
ran16x16quad,BBFP,0.011439209201782216,1.0,1.0,19.0,1.0,1.167414162742181E7
ran16x16quad,Simple,0.006192856662078162,1.0,51.0,677.0,0.0,3116.429512401206
ran16x16quad,BenchMark2,0.0,0.0,0.0,713.0,0.0,4333.0
ran16x16quad,BenchMark3,0.0,0.0,0.0,23.0,0.0,4258.0
ran16x16quad,BenchMark4,0.0,0.0,0.0,35.0,0.0,4174.0
ran16x16quad,BBFP,0.0,0.0,39.0,319.0,0.0,6716.0
ran16x16quad,Simple,0.006192856662078162,1.0,51.0,173.0,0.0,3116.429512401206
ran16x16quad,BenchMark2,0.0,0.0,0.0,22.0,0.0,4333.0
ran16x16quad,BenchMark3,0.0,0.0,0.0,51.0,0.0,4258.0
ran16x16quad,BenchMark4,0.0,0.0,0.0,79.0,0.0,4174.0
ran16x16quad,BBFP,0.0,0.0,39.0,428.0,0.0,6716.0
ran16x16quad,Simple,0.006192856662078162,1.0,51.0,184.0,0.0,3116.429512401206
ran16x16quad,BenchMark2,0.0,0.0,0.0,28.0,0.0,4333.0
ran16x16quad,BenchMark3,0.0,0.0,0.0,80.0,0.0,4258.0
ran16x16quad,BenchMark4,0.0,0.0,0.0,77.0,0.0,4174.0
ran16x16quad,BBFP,0.0,0.0,39.0,389.0,0.0,6716.0
ran16x16quad,Simple,0.006192856662078162,1.0,51.0,813.0,0.0,3116.429512401206
ran16x16quad,BenchMark2,0.0,0.0,0.0,580.0,0.0,4333.0
ran16x16quad,BenchMark3,0.0,0.0,0.0,37.0,0.0,4258.0
ran16x16quad,BenchMark4,0.0,0.0,0.0,33.0,0.0,4174.0
ran16x16quad,BBFP,0.0,0.0,39.0,259.0,0.0,6716.0
ran16x16quad,Simple,0.006192856662078162,1.0,51.0,173.0,0.0,3116.429512401206
ran16x16quad,BenchMark2,0.0,0.0,0.0,43.0,0.0,4333.0
ran16x16quad,BenchMark3,0.0,0.0,0.0,54.0,0.0,4258.0
ran16x16quad,BenchMark4,0.0,0.0,0.0,87.0,0.0,4174.0
ran16x16quad,BBFP,0.0,0.0,39.0,438.0,0.0,6716.0
test,Simple,-0.0,0.0,0.0,15.0,0.0,0.0
test,Simple,-0.0,0.0,0.0,7.0,0.0,0.0
test,Simple,-0.0,0.0,0.0,2.0,0.0,0.0
test,Simple,-0.0,0.0,0.0,7.0,0.0,0.0
test,BENCHMARK,-0.0,0.0,0.0,346.0,0.0,0.0
test,BENCHMARK,-0.0,0.0,1.0,13.0,0.0,0.0
test,BENCHMARK,-0.0,0.0,0.0,6.0,0.0,0.0
test,BENCHMARK,-0.0,0.0,0.0,5.0,0.0,0.0
test,BENCHMARK,0.0,0.0,0.0,15.0,1.0,0.0
test,BENCHMARK,0.0,0.0,0.0,6.0,1.0,0.0
test,BENCHMARK,0.0,0.0,0.0,6.0,1.0,10.0
test,BENCHMARK,0.0,0.0,0.0,12.0,1.0,10.0
test,BENCHMARK,0.0,0.0,0.0,1.0,1.0,10.0
newtest,BENCHMARK,0.0,0.0,0.0,257.0,1.0,-2748.4600000000005
newtest,BENCHMARK,0.0,0.0,0.0,151.0,1.0,-2748.4600000000005
newtest,BENCHMARK,0.0,0.0,0.0,134.0,1.0,-2748.4600000000005
newtest,BENCHMARK,0.0,0.0,0.0,191.0,1.0,-2748.4600000000005
newtest,BENCHMARK,0.0,0.0,0.0,247.0,1.0,-2748.4600000000005
test,BENCHMARK,0.0,0.0,0.0,52.0,1.0,9.0
test,BENCHMARK,0.0,0.0,0.0,27.0,1.0,9.0
test,BENCHMARK,0.0,0.0,0.0,7.0,1.0,9.0
test,BENCHMARK,0.0,0.0,0.0,4.0,1.0,9.0
test,BENCHMARK,0.0,0.0,0.0,16.0,1.0,10.0
test,BENCHMARK,0.0,0.0,0.0,2.0,1.0,10.0
test,BENCHMARK,0.0,0.0,0.0,152.0,1.0,10.0
test,BENCHMARK,0.0,0.0,0.0,15.0,1.0,10.0
test,BENCHMARK,0.0,0.0,0.0,2.0,1.0,10.0
test,BENCHMARK,0.0,0.0,0.0,12.0,1.0,10.000000001165121
newtest,BENCHMARK,0.0,0.0,0.0,3296.0,1.0,-0.07967801479568645
newtest,BENCHMARK,0.012202893625406792,0.0,0.0,42.0,1.0,-0.18349964744040528
newtest,BENCHMARK,0.0,0.0,0.0,3231.0,1.0,-0.07967801479568645
newtest,BENCHMARK,0.012202893625406792,0.0,0.0,40.0,1.0,-0.18349964744040528
newtest,BENCHMARK,0.0,0.0,0.0,3213.0,1.0,-0.07967801479568645
newtest,BENCHMARK,0.012202893625406792,0.0,0.0,43.0,1.0,-0.18349964744040528
newtest,BENCHMARK,0.0,0.0,0.0,3172.0,1.0,-0.07967801479568645
newtest,BENCHMARK,0.0,0.0,0.0,3221.0,1.0,-0.07967801479568645
newtest,BENCHMARK,0.0,0.0,0.0,3282.0,1.0,-0.07967801479568645
newtest,BENCHMARK,0.0,0.0,0.0,4034.0,1.0,-0.07967801479568645
newtest,BENCHMARK,0.0,0.0,0.0,3170.0,1.0,-0.07967801479568645
newtest,BENCHMARK,0.0,0.0,0.0,3201.0,1.0,-0.07967801479568645
newtest,BENCHMARK,0.0,0.0,0.0,3210.0,1.0,-0.07967801479568645
newtest,BENCHMARK,0.00211663575576297,1.0,101.0,3522.0,1.0,0.01478759999200815
newtest,BENCHMARK,0.0,0.0,0.0,14509.0,1.0,-21610.870000000003
newtest,BENCHMARK,0.002359421112001908,1.0,101.0,31879.0,1.0,-17780.75132054135
newtest,BENCHMARK,0.0,0.0,0.0,2957.0,1.0,-14845.76
newtest,BENCHMARK,9.841207258102069E-4,1.0,101.0,16834.0,1.0,-20984.321193348995
newtest,BENCHMARK,0.0,0.0,0.0,117.0,1.0,10.0
newtest,BENCHMARK,0.0,0.0,0.0,27.0,1.0,10.0
msharetest,BENCHMARK,0.0,0.0,0.0,66.0,0.0,87.0
msharetest,BENCHMARK,0.0,0.0,2.0,11.0,0.0,256.0
msharetest,BENCHMARK,0.0,0.0,0.0,11.0,1.0,0.0
msharetest,BENCHMARK,0.0,0.0,0.0,1.0,1.0,0.0
msharetest,Simple,NaN,0.0,1.0,5.0,0.0,0.0
msharetest,DADUSH,NaN,1.0,0.0,22.0,0.0,0.0
msharetest,BenchMark2,NaN,0.0,0.0,1.0,0.0,0.0
msharetest,BenchMark3,NaN,0.0,0.0,1.0,0.0,0.0
msharetest,BenchMark4,NaN,0.0,0.0,0.0,0.0,0.0
msharetest,Simple,0.0,0.0,1.0,3.0,0.0,0.0
msharetest,DADUSH,0.0,1.0,0.0,4.0,0.0,0.0
msharetest,BenchMark2,0.0,0.0,0.0,1.0,0.0,0.0
msharetest,BenchMark3,0.0,0.0,0.0,1.0,0.0,0.0
msharetest,BenchMark4,0.0,0.0,0.0,1.0,0.0,0.0
msharetest,Simple,0.0,0.0,1.0,6.0,0.0,0.0
msharetest,DADUSH,0.0,1.0,0.0,8.0,0.0,0.0
msharetest,BenchMark2,0.0,0.0,0.0,1.0,0.0,0.0
msharetest,BenchMark3,0.0,0.0,0.0,0.0,0.0,0.0
msharetest,BenchMark4,0.0,0.0,0.0,5.0,0.0,0.0
msharetest,Simple,0.0,0.0,1.0,4.0,0.0,0.0
msharetest,DADUSH,0.0,1.0,0.0,17.0,0.0,0.0
msharetest,BenchMark2,0.0,0.0,0.0,0.0,0.0,0.0
msharetest,BenchMark3,0.0,0.0,0.0,1.0,0.0,0.0
msharetest,BenchMark4,0.0,0.0,0.0,0.0,0.0,0.0
msharetest,Simple,0.0,0.0,1.0,17.0,0.0,0.0
msharetest,DADUSH,0.0,1.0,0.0,71.0,0.0,0.0
msharetest,BenchMark2,0.0,0.0,0.0,1.0,0.0,0.0
msharetest,BenchMark3,0.0,0.0,0.0,1.0,0.0,0.0
msharetest,BenchMark4,0.0,0.0,0.0,6.0,0.0,0.0
msharetest,Simple,0.0,0.0,1.0,8.0,0.0,0.0
msharetest,DADUSH,0.0,1.0,0.0,10.0,0.0,0.0
msharetest,BenchMark2,0.0,0.0,0.0,1.0,0.0,0.0
msharetest,BenchMark3,0.0,0.0,0.0,1.0,0.0,0.0
msharetest,BenchMark4,0.0,0.0,0.0,0.0,0.0,0.0
msharetest,Simple,0.0,0.0,1.0,7.0,0.0,0.0
msharetest,DADUSH,0.0,1.0,0.0,20.0,0.0,0.0
msharetest,BenchMark2,0.0,0.0,0.0,1.0,0.0,0.0
msharetest,BenchMark3,0.0,0.0,0.0,0.0,0.0,0.0
msharetest,BenchMark4,0.0,0.0,0.0,6.0,0.0,0.0
msharetest,Simple,0.0,0.0,1.0,4.0,0.0,0.0
msharetest,DADUSH,0.0,1.0,0.0,9.0,0.0,0.0
msharetest,BenchMark2,0.0,0.0,0.0,1.0,0.0,0.0
msharetest,BenchMark3,0.0,0.0,0.0,1.0,0.0,0.0
msharetest,BenchMark4,0.0,0.0,0.0,9.0,0.0,0.0
msharetest,Simple,0.0,0.0,1.0,15.0,0.0,0.0
msharetest,DADUSH,0.0,1.0,0.0,13.0,0.0,0.0
msharetest,BenchMark2,0.0,0.0,0.0,1.0,0.0,0.0
msharetest,BenchMark3,0.0,0.0,0.0,1.0,0.0,0.0
msharetest,BenchMark4,0.0,0.0,0.0,1.0,0.0,0.0
msharetest,Simple,0.0,0.0,1.0,6.0,0.0,0.0
msharetest,BenchMark2,0.0,0.0,0.0,1.0,0.0,0.0
msharetest,BenchMark3,0.0,0.0,0.0,1.0,0.0,0.0
msharetest,BenchMark4,0.0,0.0,0.0,1.0,0.0,0.0
msharetest,Simple,0.0,0.0,1.0,9.0,0.0,0.0
msharetest,BenchMark2,0.0,0.0,0.0,1.0,0.0,0.0
msharetest,BenchMark3,0.0,0.0,0.0,1.0,0.0,0.0
msharetest,BenchMark4,0.0,0.0,0.0,7.0,0.0,0.0
msharetest,Simple,0.0,0.0,1.0,4.0,0.0,0.0
msharetest,BenchMark2,0.0,0.0,0.0,1.0,0.0,0.0
msharetest,BenchMark3,0.0,0.0,0.0,1.0,0.0,0.0
msharetest,BenchMark4,0.0,0.0,0.0,6.0,0.0,0.0
msharetest,Simple,0.0,0.0,1.0,8.0,0.0,0.0
msharetest,BENCHMARK,0.0,0.0,0.0,3.0,1.0,0.0
msharetest,BENCHMARK,0.0,0.0,0.0,1.0,1.0,0.0
msharetest,BENCHMARK,0.0,0.0,0.0,6.0,1.0,0.0
msharetest,BBFPT,0.0,0.0,0.0,1.0,1.0,0.0
msharetest,DADUSHT,0.0,0.0,0.0,17.0,1.0,0.0
msharetest,BENCHMARK,0.0,0.0,0.0,10.0,1.0,0.0
msharetest,BBFPT,0.0,0.0,0.0,1.0,1.0,0.0
msharetest,DADUSHT,0.0,0.0,0.0,16.0,1.0,0.0
msharetest,BENCHMARK,0.0,0.0,0.0,4.0,1.0,0.0
msharetest,BBFPT,0.0,0.0,0.0,1.0,1.0,0.0
msharetest,DADUSHT,0.0,0.0,0.0,14.0,1.0,0.0
msharetest,BENCHMARK,0.0,0.0,0.0,4.0,1.0,0.0
msharetest,BBFPT,0.0,0.0,0.0,0.0,1.0,0.0
msharetest,DADUSHT,0.0,0.0,0.0,12.0,1.0,0.0
msharetest,BENCHMARK,0.0,0.0,0.0,7.0,1.0,0.0
msharetest,BBFPT,0.0,0.0,0.0,1.0,1.0,0.0
msharetest,DADUSHT,0.0,0.0,0.0,4.0,1.0,0.0
msharetest,BENCHMARK,0.0,0.0,0.0,12.0,1.0,1.0
msharetest,BBFPT,0.0,0.0,0.0,1.0,1.0,1.0
msharetest,DADUSHT,0.0,0.0,0.0,12.0,1.0,1.0
msharetest,BENCHMARK,0.0,0.0,0.0,2.0,1.0,1.0
msharetest,BBFPT,0.0,0.0,0.0,5.0,1.0,1.0
msharetest,DADUSHT,0.0,0.0,0.0,17.0,1.0,1.0
msharetest,BENCHMARK,0.0,0.0,0.0,7.0,1.0,1.0
msharetest,BBFPT,0.0,0.0,0.0,1.0,1.0,1.0
msharetest,DADUSHT,0.0,0.0,0.0,6.0,1.0,1.0
msharetest,BENCHMARK,0.0,0.0,0.0,29.0,1.0,1.0
msharetest,BBFPT,0.0,0.0,0.0,0.0,1.0,1.0
msharetest,DADUSHT,0.0,0.0,0.0,15.0,1.0,1.0
msharetest,BENCHMARK,0.0,0.0,0.0,3.0,1.0,1.0
msharetest,BBFPT,0.0,0.0,0.0,7.0,1.0,1.0
msharetest,DADUSHT,0.0,0.0,0.0,10.0,1.0,1.0
msharetest,BENCHMARK,0.0,0.0,0.0,3.0,1.0,2.0
msharetest,BBFPT,0.0,0.0,2.0,2.0,1.0,2.0
msharetest,BENCHMARK,0.0,0.0,0.0,2.0,1.0,2.0
msharetest,BBFPT,0.0,0.0,2.0,2.0,1.0,2.0
msharetest,BENCHMARK,0.0,0.0,0.0,10.0,1.0,2.0
msharetest,BBFPT,0.0,0.0,2.0,2.0,1.0,2.0
msharetest,BENCHMARK,0.0,0.0,0.0,6.0,1.0,2.0
msharetest,BBFPT,0.0,0.0,2.0,2.0,1.0,2.0
msharetest,BENCHMARK,0.0,0.0,0.0,7.0,1.0,2.0
msharetest,BBFPT,0.0,0.0,2.0,1.0,1.0,2.0
msharetest,BENCHMARK,0.0,0.0,0.0,2.0,1.0,2.0
msharetest,BBFPT,0.0,0.0,2.0,2.0,1.0,2.0
msharetest,BENCHMARK,0.0,0.0,0.0,8.0,1.0,2.0
msharetest,BBFPT,0.0,0.0,2.0,3.0,1.0,2.0
msharetest,BENCHMARK,0.0,0.0,0.0,5.0,1.0,2.0
msharetest,BBFPT,0.0,0.0,2.0,2.0,1.0,2.0
msharetest,BENCHMARK,0.0,0.0,0.0,6.0,1.0,2.0
msharetest,BBFPT,0.0,0.0,2.0,2.0,1.0,2.0
msharetest,BENCHMARK,0.0,0.0,0.0,7.0,1.0,2.0
msharetest,BBFPT,0.0,0.0,2.0,1.0,1.0,2.0
msharetest,DADUSHT,0.06366615997667457,1.0,100.0,202.0,1.0,0.8726676800466509
msharetest,BENCHMARK,0.0,0.0,0.0,5.0,1.0,2.0
msharetest,BBFPT,0.0,0.0,2.0,1.0,1.0,2.0
msharetest,DADUSHT,0.06366615997667457,1.0,100.0,209.0,1.0,0.8726676800466509
msharetest,BENCHMARK,0.0,0.0,0.0,5.0,1.0,2.0
msharetest,BBFPT,0.0,0.0,2.0,1.0,1.0,2.0
msharetest,DADUSHT,0.06366615997667457,1.0,100.0,190.0,1.0,0.8726676800466509
msharetest,BENCHMARK,0.0,0.0,0.0,6.0,1.0,2.0
msharetest,BBFPT,0.0,0.0,2.0,2.0,1.0,2.0
msharetest,DADUSHT,0.06366615997667457,1.0,100.0,152.0,1.0,0.8726676800466509
msharetest,BENCHMARK,0.0,0.0,0.0,8.0,1.0,2.0
msharetest,BBFPT,0.0,0.0,2.0,16.0,1.0,2.0
msharetest,DADUSHT,0.06366615997667457,1.0,100.0,272.0,1.0,0.8726676800466509
msharetest,BENCHMARK,0.0,0.0,0.0,3.0,1.0,2.0
msharetest,BBFPT,0.0,0.0,2.0,2.0,1.0,2.0
msharetest,DADUSHT,0.06366615997667457,1.0,100.0,142.0,1.0,0.8726676800466509
msharetest,BENCHMARK,0.0,0.0,0.0,3.0,1.0,2.0
msharetest,BBFPT,0.0,0.0,2.0,1.0,1.0,2.0
msharetest,DADUSHT,0.06366615997667457,1.0,100.0,162.0,1.0,0.8726676800466509
msharetest,BENCHMARK,0.0,0.0,0.0,2.0,1.0,2.0
msharetest,BBFPT,0.0,0.0,2.0,2.0,1.0,2.0
msharetest,DADUSHT,0.06366615997667457,1.0,100.0,199.0,1.0,0.8726676800466509
msharetest,BENCHMARK,0.0,0.0,0.0,3.0,1.0,2.0
msharetest,BBFPT,0.0,0.0,2.0,2.0,1.0,2.0
msharetest,DADUSHT,0.06366615997667457,1.0,100.0,142.0,1.0,0.8726676800466509
msharetest,BENCHMARK,0.0,0.0,0.0,581.0,1.0,2.0
msharetest,BBFPT,0.0,0.0,2.0,254.0,1.0,2.0
msharetest,DADUSHT,0.06366615997667457,1.0,100.0,175.0,1.0,0.8726676800466509
msharetest,BENCHMARK,0.0,0.0,0.0,12.0,1.0,2.0
msharetest,BBFPT,0.0,0.0,2.0,1.0,1.0,2.0
msharetest,DADUSHT,0.06366615997667457,1.0,100.0,171.0,1.0,0.8726676800466509
msharetest,BENCHMARK,0.0,0.0,0.0,6.0,1.0,2.0
msharetest,BBFPT,0.0,0.0,2.0,2.0,1.0,2.0
msharetest,DADUSHT,0.14782806787503838,1.0,100.0,189.0,1.0,0.7043438642499232
msharetest,BENCHMARK,0.0,0.0,0.0,4.0,1.0,2.0
msharetest,BBFPT,0.0,0.0,2.0,2.0,1.0,2.0
msharetest,DADUSHT,0.2325507476483719,1.0,100.0,140.0,1.0,0.5348985047032562
msharetest,BENCHMARK,0.0,0.0,0.0,9.0,1.0,2.0
msharetest,BBFPT,0.0,0.0,2.0,4.0,1.0,2.0
msharetest,DADUSHT,0.1074230948601339,1.0,100.0,244.0,1.0,0.7851538102797322
msharetest,BENCHMARK,0.0,0.0,0.0,32.0,1.0,2.0
msharetest,BBFPT,0.0,0.0,2.0,7.0,1.0,2.0
msharetest,DADUSHT,0.23906506432686553,1.0,100.0,187.0,1.0,0.5218698713462689
msharetest,BENCHMARK,0.0,0.0,0.0,8.0,1.0,2.0
msharetest,BBFPT,0.0,0.0,2.0,13.0,1.0,2.0
msharetest,DADUSHT,0.1372569328147103,1.0,100.0,191.0,1.0,0.7254861343705794
msharetest,BENCHMARK,0.0,0.0,0.0,12.0,1.0,2.0
msharetest,BBFPT,0.0,0.0,2.0,2.0,1.0,2.0
msharetest,DADUSHT,0.10260005153263274,1.0,100.0,233.0,1.0,0.7947998969347345
msharetest,BENCHMARK,0.0,0.0,0.0,54.0,1.0,1061.0
msharetest,BBFPT,0.0,0.0,2.0,12.0,1.0,1058.0
msharetest,DADUSHT,0.02420770582524717,1.0,100.0,824.0,1.0,217.93606484217455
msharetest,BENCHMARK,0.0,0.0,0.0,21.0,1.0,1061.0
msharetest,BBFPT,0.0,0.0,2.0,8.0,1.0,1058.0
msharetest,DADUSHT,0.06475786094106499,1.0,100.0,650.0,1.0,1097.9535300998286
msharetest,BENCHMARK,0.0,0.0,0.0,27.0,1.0,1061.0
msharetest,BBFPT,0.0,0.0,2.0,6.0,1.0,1058.0
msharetest,BENCHMARK,0.0,0.0,0.0,15.0,1.0,1061.0
msharetest,BBFPT,0.0,0.0,2.0,11.0,1.0,1058.0
msharetest,BENCHMARK,0.0,0.0,0.0,29.0,1.0,1061.0
msharetest,BBFPT,0.0,0.0,2.0,10.0,1.0,1058.0
msharetest,BENCHMARK,0.0,0.0,0.0,15.0,1.0,1061.0
msharetest,BBFPT,0.0,0.0,2.0,8.0,1.0,1058.0
msharetest,BENCHMARK,0.0,0.0,0.0,10.0,1.0,0.0
msharetest,BBFPT,0.0,0.0,2.0,7.0,1.0,1058.0
msharetest,BENCHMARK,0.0,0.0,0.0,19.0,1.0,0.0
msharetest,BBFPT,0.0,0.0,2.0,23.0,1.0,1058.0
msharetest,BENCHMARK,0.0,0.0,0.0,3.0,1.0,0.0
msharetest,BBFPT,0.0,0.0,2.0,7.0,1.0,1058.0
msharetest,BENCHMARK,0.0,0.0,0.0,11.0,1.0,1061.0
msharetest,BBFPT,0.0,0.0,2.0,6.0,1.0,1058.0
msharetest,BENCHMARK,0.0,0.0,0.0,19.0,1.0,1061.0
msharetest,BBFPT,0.0,0.0,2.0,6.0,1.0,1058.0
msharetest,BENCHMARK,0.0,0.0,0.0,13.0,1.0,1061.0
msharetest,BBFPT,0.0,0.0,2.0,9.0,1.0,1058.0
msharetest,BENCHMARK,0.0,0.0,0.0,6.0,1.0,1061.0
msharetest,BBFPT,0.0,0.0,2.0,6.0,1.0,1058.0
msharetest,BENCHMARK,0.0,0.0,0.0,5.0,1.0,1061.0
msharetest,BBFPT,0.0,0.0,2.0,8.0,1.0,1058.0
msharetest,BENCHMARK,0.0,0.0,0.0,14.0,1.0,1061.0
msharetest,BBFPT,0.0,0.0,2.0,7.0,1.0,1058.0
msharetest,BENCHMARK,0.0,0.0,0.0,18.0,0.0,1061.0
msharetest,BBFPT,0.0,0.0,2.0,8.0,1.0,1058.0
msharetest,BENCHMARK,0.0,0.0,0.0,34.0,0.0,1061.0
msharetest,BBFPT,0.0,0.0,2.0,16.0,0.0,1058.0
msharetest,BENCHMARK,0.0,0.0,0.0,13.0,0.0,3.0
msharetest,BBFPT,0.0,0.0,0.0,1.0,0.0,3.0
msharetest,BENCHMARK,0.0,0.0,0.0,10.0,0.0,3.0
msharetest,BBFPT,0.0,0.0,0.0,1.0,0.0,3.0
msharetest,BENCHMARK,0.0,0.0,0.0,8713.0,0.0,75133.0
msharetest,BBFPT,6.209418323431523E-19,0.0,7.0,4395.0,0.0,76487.0
msharetest,BENCHMARK,1.453789313596088E-20,0.0,0.0,10673.0,0.0,-4081.531500000001
msharetest,BENCHMARK,1.453789313596088E-20,0.0,0.0,10233.0,0.0,-4081.531500000001
msharetest,BBFPT,2.649426653300833E-4,1.0,101.0,37633.0,0.0,-3705.140374999998
msharetest,BENCHMARK,0.0,0.0,0.0,12.0,0.0,0.0
msharetest,BBFPT,0.0,0.0,0.0,21.0,0.0,0.0
msharetest,BENCHMARK,0.0,0.0,0.0,30.0,0.0,2182.810392
msharetest,BBFPT,0.0,0.0,0.0,8.0,0.0,5050.240143999999
msharetest,BENCHMARK,0.0,0.0,0.0,10.0,0.0,0.0
msharetest,BBFPT,0.0,0.0,0.0,15.0,0.0,0.0
msharetest,BBFPT,0.0011664420919632972,1.0,101.0,36590.0,0.0,0.0
msharetest,BENCHMARK,0.0,0.0,0.0,16.0,0.0,39.0
msharetest,BBFPT,0.0,0.0,0.0,11.0,0.0,62.0
msharetest,BENCHMARK,0.0,0.0,0.0,18.0,0.0,39.0
msharetest,BBFPT,0.0,0.0,0.0,14.0,0.0,62.0
msharetest,BENCHMARK,0.0,0.0,0.0,19.0,0.0,39.0
msharetest,BENCHMARK2,0.0,0.0,0.0,9.0,0.0,39.0
msharetest,BBFPT,0.0,0.0,0.0,10.0,0.0,62.0
msharetest,BENCHMARK,0.0,0.0,0.0,18.0,0.0,39.0
msharetest,BENCHMARK2,0.0,0.0,0.0,20.0,0.0,39.0
msharetest,BBFPT,0.0,0.0,0.0,11.0,0.0,62.0
msharetest,BENCHMARK,0.0,0.0,0.0,19.0,0.0,39.0
msharetest,BENCHMARK2,0.0,0.0,0.0,8.0,0.0,39.0
msharetest,BBFPT,0.0,0.0,0.0,11.0,0.0,62.0
msharetest,BENCHMARK,0.0,0.0,0.0,20.0,0.0,39.0
msharetest,BBFPT,0.0,0.0,0.0,14.0,0.0,62.0
msharetest,BENCHMARK,0.0,0.0,0.0,16.0,0.0,39.0
msharetest,BBFPT,0.0,0.0,0.0,14.0,0.0,62.0
msharetest,BENCHMARK,0.0,0.0,0.0,16.0,0.0,39.0
msharetest,BENCHMARK2,0.0,0.0,0.0,10.0,0.0,39.0
msharetest,BBFPT,0.0,0.0,0.0,10.0,0.0,62.0
msharetest,BENCHMARK,0.0,0.0,0.0,19.0,0.0,0.0
msharetest,BENCHMARK2,0.0,0.0,0.0,4.0,0.0,0.0
msharetest,BBFPT,0.0,0.0,0.0,15.0,0.0,0.0
msharetest,BENCHMARK,0.0,0.0,0.0,8.0,0.0,0.0
msharetest,BENCHMARK2,0.0,0.0,0.0,3.0,0.0,0.0
msharetest,BBFPT,0.0,0.0,0.0,1.0,0.0,0.0
msharetest,BENCHMARK,0.0,0.0,0.0,24.0,0.0,0.0
msharetest,BENCHMARK2,0.0,0.0,0.0,3.0,0.0,0.0
msharetest,BBFPT,0.0,0.0,-1.0,16.0,0.0,0.0
msharetest,BENCHMARK,0.0,0.0,0.0,12.0,0.0,0.0
msharetest,BENCHMARK2,0.0,0.0,0.0,2.0,0.0,0.0
msharetest,BBFPT,0.0,0.0,-1.0,15.0,0.0,0.0
msharetest,BENCHMARK,0.0,0.0,0.0,10.0,0.0,0.0
msharetest,BENCHMARK2,0.0,0.0,0.0,2.0,0.0,0.0
msharetest,BBFPT,0.0,0.0,-1.0,18.0,0.0,0.0
msharetest,BENCHMARK,0.0,0.0,0.0,9.0,0.0,0.0
msharetest,BENCHMARK2,0.0,0.0,0.0,3.0,0.0,0.0
msharetest,BBFPT,0.0,0.0,-1.0,16.0,0.0,0.0
msharetest,BENCHMARK,0.0,0.0,0.0,15.0,0.0,0.0
msharetest,BENCHMARK2,0.0,0.0,0.0,3.0,0.0,0.0
msharetest,BBFPT,0.0,0.0,-1.0,15.0,0.0,0.0
msharetest,BENCHMARK,0.0,0.0,0.0,12.0,0.0,0.0
msharetest,BENCHMARK2,0.0,0.0,0.0,3.0,0.0,0.0
msharetest,BBFPT,0.0,0.0,-1.0,23.0,0.0,0.0
msharetest,BENCHMARK,0.0,0.0,0.0,13.0,0.0,0.0
msharetest,BENCHMARK2,0.0,0.0,0.0,3.0,0.0,0.0
msharetest,BBFPT,0.0,0.0,-1.0,22.0,0.0,0.0
msharetest,BENCHMARK,0.0,0.0,0.0,26.0,0.0,0.0
msharetest,BENCHMARK2,0.0,0.0,0.0,3.0,0.0,0.0
msharetest,BBFPT,0.0,0.0,-1.0,16.0,0.0,0.0
msharetest,BENCHMARK,0.0,0.0,0.0,14.0,0.0,0.0
msharetest,BENCHMARK2,0.0,0.0,0.0,4.0,0.0,0.0
msharetest,BBFPT,0.0,0.0,-1.0,14.0,0.0,0.0
msharetest,BENCHMARK,0.0,0.0,0.0,13.0,0.0,0.0
msharetest,BENCHMARK2,0.0,0.0,0.0,104.0,0.0,-145.65124200000008
msharetest,BBFPT,0.0,0.0,34.0,1908.0,0.0,-416.8435640000002
msharetest,BENCHMARK,0.0,0.0,0.0,12.0,0.0,0.0
msharetest,BENCHMARK2,0.0,0.0,0.0,114.0,0.0,-145.65124200000008
msharetest,BBFPT,0.0,0.0,34.0,1993.0,0.0,-416.8435640000002
msharetest,BENCHMARK,0.0,0.0,0.0,11757.0,0.0,81.0
msharetest,BENCHMARK2,0.0,0.0,0.0,12212.0,0.0,81.0
msharetest,BENCHMARK,0.0,0.0,0.0,12511.0,0.0,81.0
msharetest,BENCHMARK2,0.0,0.0,0.0,11653.0,0.0,81.0
msharetest,BENCHMARK,0.0,0.0,0.0,14.0,0.0,0.0
msharetest,BENCHMARK2,0.0,0.0,0.0,119.0,0.0,-2.3148318281252056E7
msharetest,BBFPT,0.0,0.0,-1.0,12.0,0.0,0.0
msharetest,BENCHMARK,0.0,0.0,0.0,9.0,0.0,0.0
msharetest,BENCHMARK2,0.0,0.0,0.0,163.0,0.0,-6.783780638896115E7
msharetest,BBFPT,0.0,0.0,-1.0,9.0,0.0,0.0
msharetest,BENCHMARK,0.0,0.0,0.0,3023.0,0.0,59958.0
msharetest,BENCHMARK2,0.0,0.0,0.0,3516.0,0.0,56532.0
msharetest,BBFPT,0.0,0.0,4.0,1855.0,0.0,59571.0
msharetest,BENCHMARK,0.0,0.0,0.0,2.0,0.0,100.0
msharetest,BENCHMARK2,0.0,0.0,0.0,56.0,0.0,40.0
msharetest,BBFPT,0.0,0.0,-1.0,3.0,0.0,100.0
msharetest,BENCHMARK,0.0,0.0,0.0,37.0,0.0,1582.0
msharetest,BENCHMARK2,0.0,0.0,0.0,118.0,0.0,572.0
msharetest,BBFPT,0.0,0.0,-1.0,4.0,0.0,1582.0
msharetest,BENCHMARK,0.0,0.0,0.0,15.0,0.0,2176.111734
msharetest,BENCHMARK2,0.0,0.0,0.0,291.0,0.0,1641.931644
msharetest,BBFPT,0.0,0.0,-1.0,8.0,0.0,4989.422625999999
msharetest,BENCHMARK,0.0,0.0,0.0,4.0,0.0,120.0
msharetest,BENCHMARK2,0.0,0.0,0.0,162.0,0.0,23.0
msharetest,BBFPT,0.0,0.0,-1.0,2.0,0.0,120.0
msharetest,BENCHMARK,5.388118124780952E-17,0.0,0.0,22020.0,0.0,0.0
msharetest,BENCHMARK2,5.174014320238195E-18,0.0,0.0,12363.0,0.0,0.0
msharetest,BENCHMARK,0.0,0.0,0.0,1629.0,0.0,-14611.48
msharetest,BBFPT,7.977539971592959E-4,1.0,1001.0,478003.0,1.0,-21241.46382602693
msharetest,BENCHMARK,0.0,0.0,0.0,1707.0,0.0,-14611.48
msharetest,BENCHMARK,0.0,0.0,0.0,2269.0,0.0,-14611.48
msharetest,BENCHMARK,0.0,0.0,0.0,606113.0,0.0,-23176.19
msharetest,BENCHMARK,0.0,0.0,0.0,685.0,0.0,2.0
msharetest,DADUSHT,0.181317226957732,1.0,100.0,255.0,1.0,0.637365546084536
msharetest,BENCHMARK,0.0,0.0,0.0,10.0,0.0,2.0
msharetest,DADUSHT,0.2685464756020474,1.0,100.0,181.0,0.0,0.8837429087735836
msharetest,BENCHMARK,0.0,0.0,0.0,10.0,0.0,2.0
msharetest,DADUSHT,0.16374980103670322,1.0,100.0,197.0,1.0,0.5686301032703345
msharetest,BENCHMARK,0.0,0.0,0.0,2.0,0.0,2.0
msharetest,DADUSHT,0.2121320343559632,1.0,100.0,199.0,1.0,-105.4
msharetest,BENCHMARK,0.0,0.0,0.0,2.0,0.0,2.0
msharetest,DADUSHT,0.0,0.0,2.0,19.0,0.0,2.0
msharetest,BENCHMARK,0.0,0.0,0.0,5.0,0.0,2.0
msharetest,BENCHMARK,0.0,0.0,0.0,3.0,0.0,2.0
msharetest,BENCHMARK,0.0,0.0,0.0,8.0,0.0,2.0
msharetest,BENCHMARK,0.0,0.0,0.0,2.0,0.0,2.0
msharetest,DADUSHT,0.25,1.0,100.0,167.0,1.0,1.5
msharetest,BENCHMARK,0.0,0.0,0.0,3.0,0.0,2.0
msharetest,DADUSHT,0.25,1.0,100.0,163.0,1.0,0.5
msharetest,BENCHMARK,0.0,0.0,0.0,7.0,0.0,2.0
msharetest,DADUSHT,2.4999981251827563E-7,1.0,100.0,155.0,1.0,0.999999500000375
msharetest,BENCHMARK,0.0,0.0,0.0,19.0,0.0,2.0
msharetest,DADUSHT,0.0,0.0,62.0,112.0,0.0,2.0
msharetest,BENCHMARK,0.0,0.0,0.0,14.0,0.0,2.0
msharetest,DADUSHT,0.0,0.0,57.0,90.0,0.0,2.0
msharetest,BENCHMARK,0.0,0.0,0.0,40.0,0.0,2.0
msharetest,DADUSHT,0.0,0.0,54.0,190.0,0.0,2.0
msharetest,BENCHMARK,0.0,0.0,0.0,80.0,0.0,1061.0
msharetest,DADUSHT,0.0,0.0,6.0,105.0,0.0,-9.8420341E7
msharetest,BENCHMARK,0.0,0.0,0.0,13.0,0.0,1061.0
msharetest,DADUSHT,0.0,0.0,1.0,18.0,0.0,534.0
msharetest,BENCHMARK,0.0,0.0,0.0,20.0,0.0,1061.0
msharetest,DADUSHT,0.0,0.0,1.0,20.0,0.0,-282.0
msharetest,BENCHMARK,0.0,0.0,0.0,15.0,0.0,1061.0
msharetest,DADUSHT,0.0,0.0,1.0,18.0,0.0,-466.0
msharetest,BENCHMARK,0.0,0.0,0.0,7.0,0.0,1061.0
msharetest,DADUSHT,0.0,0.0,1.0,22.0,0.0,600.0
msharetest,BENCHMARK,0.0,0.0,0.0,20.0,0.0,1061.0
msharetest,DADUSHT,0.0,0.0,1.0,18.0,0.0,0.0
msharetest,BENCHMARK,0.0,0.0,0.0,37.0,0.0,1061.0
msharetest,DADUSHT,0.0,0.0,1.0,23.0,0.0,0.0
msharetest,BENCHMARK,0.0,0.0,0.0,14.0,0.0,1061.0
msharetest,DADUSHT,0.0,0.0,1.0,26.0,0.0,817.0
msharetest,BENCHMARK,0.0,0.0,0.0,740.0,0.0,1061.0
msharetest,DADUSHT,0.0,0.0,1.0,77.0,0.0,826.0
msharetest,BENCHMARK,0.0,0.0,0.0,12.0,0.0,1061.0
msharetest,DADUSHT,0.0,0.0,1.0,18.0,0.0,856.0
msharetest,BENCHMARK,0.0,0.0,0.0,14.0,0.0,1061.0
msharetest,DADUSHT,0.0,0.0,1.0,24.0,0.0,702.0
msharetest,BENCHMARK,0.0,0.0,0.0,13.0,0.0,1061.0
msharetest,DADUSHT,0.0,0.0,1.0,17.0,0.0,983.0
msharetest,BENCHMARK,0.0,0.0,0.0,951.0,0.0,1061.0
msharetest,DADUSHT,0.0,0.0,2.0,61.0,0.0,-1168062.0
msharetest,BENCHMARK,0.0,0.0,0.0,14.0,0.0,1061.0
msharetest,DADUSHT,0.0,0.0,4.0,61.0,0.0,-1.8428492E7
msharetest,BENCHMARK,0.0,0.0,0.0,17.0,0.0,1061.0
msharetest,DADUSHT,0.0,0.0,3.0,37.0,0.0,-1068623.0
msharetest,BENCHMARK,0.0,0.0,0.0,10.0,0.0,1061.0
msharetest,DADUSHT,0.0,0.0,1.0,29.0,0.0,-138644.0
msharetest,BENCHMARK,0.0,0.0,0.0,17.0,0.0,1061.0
msharetest,DADUSHT,0.0,0.0,1.0,26.0,0.0,-138644.0
msharetest,BENCHMARK,0.0,0.0,0.0,13.0,0.0,1061.0
msharetest,DADUSHT,0.0,0.0,1.0,17.0,0.0,-138644.0
msharetest,BENCHMARK,0.0,0.0,0.0,19.0,0.0,1061.0
msharetest,DADUSHT,0.0,0.0,1.0,21.0,0.0,-138644.0
msharetest,BENCHMARK,0.0,0.0,0.0,17.0,0.0,1061.0
msharetest,DADUSHT,0.0,0.0,1.0,25.0,0.0,-138644.0
msharetest,BENCHMARK,0.0,0.0,0.0,8.0,0.0,1061.0
msharetest,DADUSHT,0.0,0.0,1.0,19.0,0.0,-138644.0
msharetest,BENCHMARK,0.0,0.0,0.0,14.0,0.0,1061.0
msharetest,DADUSHT,0.0,0.0,1.0,30.0,0.0,-138644.0
msharetest,BENCHMARK,0.0,0.0,0.0,9.0,0.0,1061.0
msharetest,DADUSHT,0.0,0.0,1.0,31.0,0.0,-138644.0
msharetest,BENCHMARK,0.0,0.0,0.0,7.0,0.0,1061.0
msharetest,DADUSHT,0.0,0.0,1.0,23.0,0.0,-138644.0
msharetest,BENCHMARK,0.0,0.0,0.0,12.0,0.0,1061.0
msharetest,DADUSHT,0.0,0.0,1.0,32.0,0.0,-138644.0
msharetest,BENCHMARK,0.0,0.0,0.0,8.0,0.0,1061.0
msharetest,DADUSHT,0.0,0.0,1.0,21.0,0.0,-138644.0
msharetest,BENCHMARK,0.0,0.0,0.0,7.0,0.0,1061.0
msharetest,DADUSHT,0.0,0.0,1.0,26.0,0.0,-138644.0
msharetest,BENCHMARK,0.0,0.0,0.0,14.0,0.0,1061.0
msharetest,DADUSHT,0.0,0.0,34.0,220.0,0.0,1057.0
msharetest,BENCHMARK,0.0,0.0,0.0,15.0,0.0,1061.0
msharetest,DADUSHT,0.0,0.0,20.0,43.0,0.0,1057.0
msharetest,BENCHMARK,0.0,0.0,0.0,20.0,0.0,1061.0
msharetest,DADUSHT,0.0,0.0,20.0,56.0,0.0,1057.0
msharetest,BENCHMARK,0.0,0.0,0.0,7.0,0.0,1061.0
msharetest,DADUSHT,0.0,0.0,6.0,32.0,0.0,1057.0
msharetest,BENCHMARK,0.0,0.0,0.0,16.0,0.0,1061.0
msharetest,DADUSHT,0.0,0.0,28.0,137.0,0.0,1057.0
msharetest,BENCHMARK,0.0,0.0,0.0,15.0,0.0,1061.0
msharetest,DADUSHT,0.0,0.0,20.0,130.0,0.0,1057.0
msharetest,BENCHMARK,0.0,0.0,0.0,11.0,0.0,1061.0
msharetest,DADUSHT,0.0,0.0,22.0,94.0,0.0,1057.0
msharetest,BENCHMARK,0.0,0.0,0.0,13.0,0.0,1061.0
msharetest,DADUSHT,0.0,0.0,32.0,81.0,0.0,1057.0
msharetest,BENCHMARK,0.0,0.0,0.0,23.0,0.0,1061.0
msharetest,DADUSHT,0.0,0.0,4.0,33.0,0.0,1057.0
msharetest,BENCHMARK,0.0,0.0,0.0,25.0,0.0,1061.0
msharetest,DADUSHT,0.0,0.0,28.0,101.0,0.0,1057.0
msharetest,BENCHMARK,0.0,0.0,0.0,16.0,0.0,1061.0
msharetest,DADUSHT,0.0,0.0,16.0,69.0,0.0,1057.0
msharetest,BENCHMARK,0.0,0.0,0.0,15.0,0.0,1061.0
msharetest,DADUSHT,0.0,0.0,2.0,38.0,0.0,1057.0
msharetest,BENCHMARK,0.0,0.0,0.0,18.0,0.0,1061.0
msharetest,DADUSHT,0.0,0.0,24.0,90.0,0.0,1057.0
msharetest,BENCHMARK,0.0,0.0,0.0,16.0,0.0,1061.0
msharetest,DADUSHT,0.0,0.0,2.0,69.0,0.0,1057.0
msharetest,BENCHMARK,0.0,0.0,0.0,7.0,0.0,1061.0
msharetest,BENCHMARK,0.0,0.0,0.0,16.0,0.0,1061.0
msharetest,BENCHMARK,0.0,0.0,0.0,6.0,0.0,1061.0
msharetest,BENCHMARK,0.0,0.0,0.0,9.0,0.0,1061.0
msharetest,DADUSHT,0.0,0.0,36.0,98.0,0.0,1057.0
msharetest,BENCHMARK,0.0,0.0,0.0,19.0,0.0,1061.0
msharetest,BENCHMARK,0.0,0.0,0.0,21.0,0.0,1061.0
msharetest,BENCHMARK,0.0,0.0,0.0,18.0,0.0,1061.0
msharetest,BENCHMARK,0.0,0.0,0.0,7.0,0.0,1061.0
msharetest,BENCHMARK,0.0,0.0,0.0,24.0,0.0,1061.0
msharetest,BENCHMARK,0.0,0.0,0.0,12.0,0.0,1061.0
msharetest,BENCHMARK,0.0,0.0,0.0,9.0,0.0,1061.0
msharetest,DADUSHT,0.0,0.0,62.0,177.0,0.0,1057.0
